date,fold,regime,prediction,pred_direction,actual_return,actual_direction,strategy_return,cumulative_return,confidence,aleatoric,epistemic,correct,pnl_bps
2008-04-09,fold_1,Pre-crisis upturn + GFC onset,0.0024826019071042538,1,-0.005179158411920071,-1,-0.005179158411920071,-0.005179166793823242,,,,0,-51.79158411920071
2008-04-10,fold_1,Pre-crisis upturn + GFC onset,-0.0031714499928057194,-1,0.005078901536762714,1,-0.005078901536762714,-0.01023179292678833,,,,0,-50.789015367627144
2008-04-11,fold_1,Pre-crisis upturn + GFC onset,-0.00014538972754962742,-1,0.00018986649229191244,1,-0.00018986649229191244,-0.010419666767120361,,,,0,-1.8986649229191244
2008-04-14,fold_1,Pre-crisis upturn + GFC onset,-0.0034958738833665848,-1,-0.002462598029524088,-1,0.002462598029524088,-0.00798267126083374,,,,1,24.62598029524088
2008-04-15,fold_1,Pre-crisis upturn + GFC onset,-0.0036668269895017147,-1,0.010899379849433899,1,-0.010899379849433899,-0.018795013427734375,,,,0,-108.99379849433899
2008-04-16,fold_1,Pre-crisis upturn + GFC onset,0.003427687333896756,1,-0.0035143231507390738,-1,-0.0035143231507390738,-0.02224332094192505,,,,0,-35.14323150739074
2008-04-17,fold_1,Pre-crisis upturn + GFC onset,-0.00532757630571723,-1,-0.010573179461061954,-1,0.010573179461061954,-0.011905372142791748,,,,1,105.73179461061954
2008-04-18,fold_1,Pre-crisis upturn + GFC onset,-0.003760924329981208,-1,0.011313356459140778,1,-0.011313356459140778,-0.023084044456481934,,,,0,-113.13356459140778
2008-04-21,fold_1,Pre-crisis upturn + GFC onset,0.0006549820536747575,1,0.004780459683388472,1,0.004780459683388472,-0.018413960933685303,,,,1,47.804596833884716
2008-04-22,fold_1,Pre-crisis upturn + GFC onset,0.001383999828249216,1,-0.007127514574676752,-1,-0.007127514574676752,-0.025410234928131104,,,,0,-71.27514574676752
2008-04-23,fold_1,Pre-crisis upturn + GFC onset,-0.0065841577015817165,-1,-0.011966871097683907,-1,0.011966871097683907,-0.01374751329421997,,,,1,119.66871097683907
2008-04-24,fold_1,Pre-crisis upturn + GFC onset,-0.008736588060855865,-1,-0.0030023385770618916,-1,0.0030023385770618916,-0.010786473751068115,,,,1,30.023385770618916
2008-04-25,fold_1,Pre-crisis upturn + GFC onset,-0.0053771561942994595,-1,0.0010174394119530916,1,-0.0010174394119530916,-0.011792957782745361,,,,0,-10.174394119530916
2008-04-28,fold_1,Pre-crisis upturn + GFC onset,-0.0014890774618834257,-1,-0.0054796477779746056,-1,0.0054796477779746056,-0.006377875804901123,,,,1,54.796477779746056
2008-04-30,fold_1,Pre-crisis upturn + GFC onset,0.0034660513047128916,1,-0.012038466520607471,-1,-0.012038466520607471,-0.018339574337005615,,,,0,-120.38466520607471
2008-05-02,fold_1,Pre-crisis upturn + GFC onset,-0.0024858987890183926,-1,0.00415347795933485,1,-0.00415347795933485,-0.022416889667510986,,,,0,-41.5347795933485
2008-05-07,fold_1,Pre-crisis upturn + GFC onset,-0.007146042305976152,-1,0.005134144332259893,1,-0.005134144332259893,-0.02743595838546753,,,,0,-51.341443322598934
2008-05-08,fold_1,Pre-crisis upturn + GFC onset,0.0012248841812834144,1,0.0016728068003430963,1,0.0016728068003430963,-0.025808990001678467,,,,1,16.728068003430963
2008-05-09,fold_1,Pre-crisis upturn + GFC onset,0.004950880538672209,1,0.0032323605846613646,1,0.0032323605846613646,-0.02266007661819458,,,,1,32.323605846613646
2008-05-12,fold_1,Pre-crisis upturn + GFC onset,0.002226618817076087,1,-0.004055029712617397,-1,-0.004055029712617397,-0.026623189449310303,,,,0,-40.55029712617397
2008-05-13,fold_1,Pre-crisis upturn + GFC onset,-0.004704069811850786,-1,-0.0005104347947053611,-1,0.0005104347947053611,-0.026126325130462646,,,,1,5.104347947053611
2008-05-14,fold_1,Pre-crisis upturn + GFC onset,0.00014724016364198178,1,-0.001174283679574728,-1,-0.001174283679574728,-0.02726989984512329,,,,0,-11.74283679574728
2008-05-15,fold_1,Pre-crisis upturn + GFC onset,5.3317016863729805e-05,1,0.009388802573084831,1,0.009388802573084831,-0.01813715696334839,,,,1,93.88802573084831
2008-05-16,fold_1,Pre-crisis upturn + GFC onset,0.0038857688196003437,1,-0.0043633379973471165,-1,-0.0043633379973471165,-0.02242136001586914,,,,0,-43.633379973471165
2008-05-19,fold_1,Pre-crisis upturn + GFC onset,-0.003908813465386629,-1,0.008124498650431633,1,-0.008124498650431633,-0.03036367893218994,,,,0,-81.24498650431633
2008-05-20,fold_1,Pre-crisis upturn + GFC onset,0.004258917644619942,1,0.00855705700814724,1,0.00855705700814724,-0.02206641435623169,,,,1,85.5705700814724
2008-05-21,fold_1,Pre-crisis upturn + GFC onset,0.006020310800522566,1,-0.003555349772796035,-1,-0.003555349772796035,-0.02554333209991455,,,,0,-35.55349772796035
2008-05-22,fold_1,Pre-crisis upturn + GFC onset,-0.0050306194461882114,-1,0.003377990797162056,1,-0.003377990797162056,-0.028834998607635498,,,,0,-33.77990797162056
2008-05-23,fold_1,Pre-crisis upturn + GFC onset,0.0023109298199415207,1,-0.0003629504353739321,-1,-0.0003629504353739321,-0.029187440872192383,,,,0,-3.6295043537393212
2008-05-27,fold_1,Pre-crisis upturn + GFC onset,-0.006561432499438524,-1,-0.0022230539470911026,-1,0.0022230539470911026,-0.027029335498809814,,,,1,22.230539470911026
2008-05-28,fold_1,Pre-crisis upturn + GFC onset,-0.003889899468049407,-1,-0.00881433766335249,-1,0.00881433766335249,-0.018453240394592285,,,,1,88.1433766335249
2008-05-29,fold_1,Pre-crisis upturn + GFC onset,-0.006040225271135569,-1,0.0014764738734811544,1,-0.0014764738734811544,-0.019902467727661133,,,,0,-14.764738734811544
2008-05-30,fold_1,Pre-crisis upturn + GFC onset,0.0015936591662466526,1,0.0003264624683652073,1,0.0003264624683652073,-0.01958245038986206,,,,1,3.264624683652073
2008-06-02,fold_1,Pre-crisis upturn + GFC onset,-0.00331098772585392,-1,-0.0061646453104913235,-1,0.0061646453104913235,-0.013538479804992676,,,,1,61.646453104913235
2008-06-03,fold_1,Pre-crisis upturn + GFC onset,-0.006815675646066666,-1,-0.001142001012340188,-1,0.001142001012340188,-0.012411892414093018,,,,1,11.42001012340188
2008-06-04,fold_1,Pre-crisis upturn + GFC onset,-0.0025198955554515123,-1,0.010132720693945885,1,-0.010132720693945885,-0.022418856620788574,,,,0,-101.32720693945885
2008-06-05,fold_1,Pre-crisis upturn + GFC onset,0.004541127011179924,1,0.012580753304064274,1,0.012580753304064274,-0.010120153427124023,,,,1,125.80753304064274
2008-06-06,fold_1,Pre-crisis upturn + GFC onset,0.0063034226186573505,1,-0.008963803760707378,-1,-0.008963803760707378,-0.018993258476257324,,,,0,-89.63803760707378
2008-06-09,fold_1,Pre-crisis upturn + GFC onset,-0.003093327395617962,-1,-0.011474243365228176,-1,0.011474243365228176,-0.007736921310424805,,,,1,114.74243365228176
2008-06-10,fold_1,Pre-crisis upturn + GFC onset,-0.007451229728758335,-1,0.006067509297281504,1,-0.006067509297281504,-0.013757467269897461,,,,0,-60.67509297281504
2008-06-11,fold_1,Pre-crisis upturn + GFC onset,0.006746333092451096,1,-0.006230826023966074,-1,-0.006230826023966074,-0.019902586936950684,,,,0,-62.30826023966074
2008-06-12,fold_1,Pre-crisis upturn + GFC onset,-0.006173817440867424,-1,-0.005947754718363285,-1,0.005947754718363285,-0.01407325267791748,,,,1,59.47754718363285
2008-06-13,fold_1,Pre-crisis upturn + GFC onset,-0.003489544615149498,-1,0.006823988631367683,1,-0.006823988631367683,-0.020801246166229248,,,,0,-68.23988631367683
2008-06-16,fold_1,Pre-crisis upturn + GFC onset,0.007433190941810608,1,0.0031044406350702047,1,0.0031044406350702047,-0.01776134967803955,,,,1,31.044406350702047
2008-06-17,fold_1,Pre-crisis upturn + GFC onset,0.0021328867878764868,1,0.0010409550741314888,1,0.0010409550741314888,-0.0167388916015625,,,,1,10.409550741314888
2008-06-18,fold_1,Pre-crisis upturn + GFC onset,0.00176015286706388,1,-0.0018145984504371881,-1,-0.0018145984504371881,-0.018523097038269043,,,,0,-18.14598450437188
2008-06-19,fold_1,Pre-crisis upturn + GFC onset,0.00018207351968158036,1,0.0076107727363705635,1,0.0076107727363705635,-0.011053264141082764,,,,1,76.10772736370564
2008-06-20,fold_1,Pre-crisis upturn + GFC onset,0.005666639655828476,1,-0.00672138063237071,-1,-0.00672138063237071,-0.017700374126434326,,,,0,-67.2138063237071
2008-06-23,fold_1,Pre-crisis upturn + GFC onset,-0.0067269327118992805,-1,0.0030361225362867117,1,-0.0030361225362867117,-0.02068275213241577,,,,0,-30.361225362867117
2008-06-24,fold_1,Pre-crisis upturn + GFC onset,0.0017631836235523224,1,0.006677090656012297,1,0.006677090656012297,-0.014143824577331543,,,,1,66.77090656012297
2008-06-25,fold_1,Pre-crisis upturn + GFC onset,0.0033455085940659046,1,0.005040960386395454,1,0.005040960386395454,-0.009174108505249023,,,,1,50.409603863954544
2008-06-26,fold_1,Pre-crisis upturn + GFC onset,0.004767857026308775,1,0.0,1,0.0,-0.009174108505249023,,,,0,0.0
2008-06-27,fold_1,Pre-crisis upturn + GFC onset,0.0033989560324698687,1,-0.00018895813263952732,-1,-0.00018895813263952732,-0.009361326694488525,,,,0,-1.8895813263952732
2010-04-05,fold_2,Post-crash recovery,-0.00375286559574306,-1,-0.006459742318838835,-1,0.006459742318838835,0.006459712982177734,,,,1,64.59742318838835
2010-04-06,fold_2,Post-crash recovery,-0.0057780807837843895,-1,-0.003991239704191685,-1,0.003991239704191685,0.01047670841217041,,,,1,39.91239704191685
2010-04-07,fold_2,Post-crash recovery,-0.0009461562731303275,-1,0.0009486044873483479,1,-0.0009486044873483479,0.009518146514892578,,,,0,-9.486044873483479
2010-04-08,fold_2,Post-crash recovery,-0.00130473671015352,-1,0.01046330388635397,1,-0.01046330388635397,-0.0010447502136230469,,,,0,-104.6330388635397
2010-04-09,fold_2,Post-crash recovery,0.004639855585992336,1,0.007042666897177696,1,0.007042666897177696,0.005990505218505859,,,,1,70.42666897177696
2010-04-12,fold_2,Post-crash recovery,0.00533396378159523,1,0.0009253707830794156,1,0.0009253707830794156,0.006921529769897461,,,,1,9.253707830794156
2010-04-13,fold_2,Post-crash recovery,0.0009083679178729653,1,0.0034823056776076555,1,0.0034823056776076555,0.01042795181274414,,,,1,34.823056776076555
2010-04-14,fold_2,Post-crash recovery,0.003909875173121691,1,-0.005999756511300802,-1,-0.005999756511300802,0.004365682601928711,,,,0,-59.99756511300802
2010-04-15,fold_2,Post-crash recovery,-0.00497507955878973,-1,-0.00515845837071538,-1,0.00515845837071538,0.009546637535095215,,,,1,51.5845837071538
2010-04-16,fold_2,Post-crash recovery,-0.005054695066064596,-1,-0.0012409078190103173,-1,0.0012409078190103173,0.010799288749694824,,,,1,12.409078190103173
2010-04-19,fold_2,Post-crash recovery,-0.0027149056550115347,-1,-0.0038692092057317495,-1,0.0038692092057317495,0.014710307121276855,,,,1,38.692092057317495
2010-04-20,fold_2,Post-crash recovery,-0.0011730713304132223,-1,-0.0033609094098210335,-1,0.0033609094098210335,0.018120646476745605,,,,1,33.609094098210335
2010-04-21,fold_2,Post-crash recovery,0.0015688124112784863,1,-0.008957214653491974,-1,-0.008957214653491974,0.00900113582611084,,,,0,-89.57214653491974
2010-04-22,fold_2,Post-crash recovery,-0.005229893606156111,-1,0.008592506870627403,1,-0.008592506870627403,0.0003312826156616211,,,,0,-85.92506870627403
2010-04-23,fold_2,Post-crash recovery,0.0028215721249580383,1,0.001286504091694951,1,0.001286504091694951,0.0016182661056518555,,,,1,12.86504091694951
2010-04-26,fold_2,Post-crash recovery,-0.0007696800166741014,-1,-0.01720094121992588,-1,0.01720094121992588,0.018847107887268066,,,,1,172.0094121992588
2010-04-27,fold_2,Post-crash recovery,-0.010664940811693668,-1,0.00319747650064528,1,-0.00319747650064528,0.015589356422424316,,,,0,-31.9747650064528
2010-04-28,fold_2,Post-crash recovery,-0.0011576722608879209,-1,0.0037932186387479305,1,-0.0037932186387479305,0.01173698902130127,,,,0,-37.932186387479305
2010-04-30,fold_2,Post-crash recovery,0.001418962492607534,1,-0.007378703448921442,-1,-0.007378703448921442,0.004271745681762695,,,,0,-73.78703448921442
2010-05-06,fold_2,Post-crash recovery,-0.009922144003212452,-1,0.009745693765580654,1,-0.009745693765580654,-0.005515575408935547,,,,0,-97.45693765580654
2010-05-07,fold_2,Post-crash recovery,0.004089728929102421,1,0.0018146689981222153,1,0.0018146689981222153,-0.0037108659744262695,,,,1,18.146689981222153
2010-05-10,fold_2,Post-crash recovery,0.0009566437802277505,1,-0.011682657524943352,-1,-0.011682657524943352,-0.015350162982940674,,,,0,-116.82657524943352
2010-05-11,fold_2,Post-crash recovery,-0.004318594466894865,-1,0.0007203565328381956,1,-0.0007203565328381956,-0.016059458255767822,,,,0,-7.203565328381956
2010-05-12,fold_2,Post-crash recovery,-0.004338965751230717,-1,-0.007750330958515406,-1,0.007750330958515406,-0.008433640003204346,,,,1,77.50330958515406
2010-05-13,fold_2,Post-crash recovery,-0.008789491839706898,-1,-0.014436493627727032,-1,0.014436493627727032,0.005881071090698242,,,,1,144.36493627727032
2010-05-14,fold_2,Post-crash recovery,-0.009791254065930843,-1,0.00266445754095912,1,-0.00266445754095912,0.003201007843017578,,,,0,-26.644575409591198
2010-05-17,fold_2,Post-crash recovery,0.00040296983206644654,1,-0.0172696802765131,-1,-0.0172696802765131,-0.014123916625976562,,,,0,-172.696802765131
2010-05-18,fold_2,Post-crash recovery,-0.0082400506362319,-1,0.0176109466701746,1,-0.0176109466701746,-0.0314861536026001,,,,0,-176.109466701746
2010-05-19,fold_2,Post-crash recovery,0.0013495137682184577,1,0.006900882814079523,1,0.006900882814079523,-0.02480250597000122,,,,1,69.00882814079523
2010-05-20,fold_2,Post-crash recovery,0.004125892650336027,1,0.0070626987144351006,1,0.0070626987144351006,-0.017915010452270508,,,,1,70.626987144351
2010-05-21,fold_2,Post-crash recovery,0.002099287463352084,1,-0.017277510836720467,-1,-0.017277510836720467,-0.03488302230834961,,,,0,-172.77510836720467
2010-05-24,fold_2,Post-crash recovery,-0.004030206240713596,-1,-0.0003210459544789046,-1,0.0003210459544789046,-0.03457319736480713,,,,1,3.210459544789046
2010-05-25,fold_2,Post-crash recovery,-0.007677542977035046,-1,-0.014011116698384285,-1,0.014011116698384285,-0.021046459674835205,,,,1,140.11116698384285
2010-05-26,fold_2,Post-crash recovery,-0.007218562066555023,-1,0.014373074285686016,1,-0.014373074285686016,-0.03511703014373779,,,,0,-143.73074285686016
2010-05-27,fold_2,Post-crash recovery,0.0027914245147258043,1,-0.005989732686430216,-1,-0.005989732686430216,-0.04089641571044922,,,,0,-59.89732686430216
2010-05-28,fold_2,Post-crash recovery,-0.0010139961959794164,-1,0.0011304189683869481,1,-0.0011304189683869481,-0.0419805645942688,,,,0,-11.304189683869481
2010-06-01,fold_2,Post-crash recovery,-0.004595378413796425,-1,0.000489582889713347,1,-0.000489582889713347,-0.04244959354400635,,,,0,-4.89582889713347
2010-06-02,fold_2,Post-crash recovery,3.5541181659937138e-06,1,-0.005683161783963442,-1,-0.005683161783963442,-0.04789155721664429,,,,0,-56.83161783963442
2010-06-03,fold_2,Post-crash recovery,-0.00340346060693264,-1,-0.01630449667572975,-1,0.01630449667572975,-0.03236788511276245,,,,1,163.04496675729752
2010-06-04,fold_2,Post-crash recovery,-0.012509961612522602,-1,-0.004018112551420927,-1,0.004018112551420927,-0.02847987413406372,,,,1,40.18112551420927
2010-06-07,fold_2,Post-crash recovery,0.00022667410667054355,1,0.0041184090077877045,1,0.0041184090077877045,-0.0244787335395813,,,,1,41.184090077877045
2010-06-08,fold_2,Post-crash recovery,0.0025308982003480196,1,0.0016669539036229253,1,0.0016669539036229253,-0.022852659225463867,,,,1,16.669539036229253
2010-06-09,fold_2,Post-crash recovery,0.0057637677527964115,1,0.00975992064923048,1,0.00975992064923048,-0.013315796852111816,,,,1,97.5992064923048
2010-06-10,fold_2,Post-crash recovery,0.0058409832417964935,1,0.00041180214611813426,1,0.00041180214611813426,-0.012909531593322754,,,,1,4.118021461181343
2010-06-11,fold_2,Post-crash recovery,-0.0032641037832945585,-1,0.008589374832808971,1,-0.008589374832808971,-0.02138805389404297,,,,0,-85.89374832808971
2010-06-14,fold_2,Post-crash recovery,0.00600603548809886,1,0.00826606061309576,1,0.00826606061309576,-0.013298749923706055,,,,1,82.6606061309576
2010-06-15,fold_2,Post-crash recovery,0.004577122163027525,1,-0.0005786734400317073,-1,-0.0005786734400317073,-0.013869762420654297,,,,0,-5.786734400317073
2010-06-16,fold_2,Post-crash recovery,-0.0017166094621643424,-1,0.005695778410881758,1,-0.005695778410881758,-0.019486546516418457,,,,0,-56.95778410881758
2010-06-17,fold_2,Post-crash recovery,0.004874823614954948,1,0.000879864557646215,1,0.000879864557646215,-0.018623828887939453,,,,1,8.79864557646215
2010-06-18,fold_2,Post-crash recovery,0.000768933561630547,1,-0.006207311991602182,-1,-0.006207311991602182,-0.02471548318862915,,,,0,-62.073119916021824
2010-06-21,fold_2,Post-crash recovery,-0.004404848907142878,-1,-0.0033265468664467335,-1,0.0033265468664467335,-0.021471142768859863,,,,1,33.265468664467335
2010-06-22,fold_2,Post-crash recovery,-0.0021548138465732336,-1,0.003584904596209526,1,-0.003584904596209526,-0.024979114532470703,,,,0,-35.84904596209526
2010-06-23,fold_2,Post-crash recovery,0.003528586821630597,1,0.0014927452430129051,1,0.0014927452430129051,-0.023523688316345215,,,,1,14.927452430129051
2010-06-24,fold_2,Post-crash recovery,-0.0010860114125534892,-1,0.002882967470213771,1,-0.002882967470213771,-0.026338815689086914,,,,0,-28.82967470213771
2010-06-25,fold_2,Post-crash recovery,0.002152005909010768,1,-0.007759139873087406,-1,-0.007759139873087406,-0.033893585205078125,,,,0,-77.59139873087406
2010-06-28,fold_2,Post-crash recovery,-0.0031868712976574898,-1,-0.007384906057268381,-1,0.007384906057268381,-0.026758968830108643,,,,1,73.84906057268381
2010-06-29,fold_2,Post-crash recovery,-0.01013888604938984,-1,0.003583511570468545,1,-0.003583511570468545,-0.0302465558052063,,,,0,-35.83511570468545
2013-04-05,fold_3,Eurozone debt plateau,0.0015389720210805535,1,0.004937021527439356,1,0.004937021527439356,0.0049370527267456055,,,,1,49.37021527439356
2013-04-08,fold_3,Eurozone debt plateau,-0.0056641241535544395,-1,0.0028665303252637386,1,-0.0028665303252637386,0.0020563602447509766,,,,0,-28.665303252637386
2013-04-09,fold_3,Eurozone debt plateau,0.00432897824794054,1,0.003910965286195278,1,0.003910965286195278,0.00597536563873291,,,,1,39.10965286195278
2013-04-10,fold_3,Eurozone debt plateau,-0.0030020629055798054,-1,-0.0019061239436268806,-1,0.0019061239436268806,0.007892966270446777,,,,1,19.061239436268806
2013-04-11,fold_3,Eurozone debt plateau,0.004577012732625008,1,0.00455083604902029,1,0.00455083604902029,0.012479662895202637,,,,1,45.508360490202904
2013-04-12,fold_3,Eurozone debt plateau,-0.0021005577873438597,-1,-0.001178935170173645,-1,0.001178935170173645,0.01367330551147461,,,,1,11.78935170173645
2013-04-15,fold_3,Eurozone debt plateau,-0.0022752585355192423,-1,-0.0034072035923600197,-1,0.0034072035923600197,0.017127156257629395,,,,1,34.0720359236002
2013-04-16,fold_3,Eurozone debt plateau,0.005008534993976355,1,0.009501743130385876,1,0.009501743130385876,0.02679157257080078,,,,1,95.01743130385876
2013-04-17,fold_3,Eurozone debt plateau,-0.008583842776715755,-1,-0.010910171084105968,-1,0.010910171084105968,0.03799402713775635,,,,1,109.10171084105968
2013-04-18,fold_3,Eurozone debt plateau,0.002408938016742468,1,0.0013966822298243642,1,0.0013966822298243642,0.0394437313079834,,,,1,13.966822298243642
2013-04-19,fold_3,Eurozone debt plateau,-0.001970198005437851,-1,0.0001958034554263577,1,-0.0001958034554263577,0.039240241050720215,,,,0,-1.9580345542635769
2013-04-22,fold_3,Eurozone debt plateau,0.0011246387148275971,1,0.0004571809549815953,1,0.0004571809549815953,0.03971529006958008,,,,1,4.571809549815953
2013-04-23,fold_3,Eurozone debt plateau,-0.00598985655233264,-1,-0.005145795177668333,-1,0.005145795177668333,0.04506540298461914,,,,1,51.45795177668333
2013-04-24,fold_3,Eurozone debt plateau,0.0017444901168346405,1,0.0017703734338283539,1,0.0017703734338283539,0.046915531158447266,,,,1,17.70373433828354
2013-04-25,fold_3,Eurozone debt plateau,0.005054680164903402,1,-0.0007805071654729545,-1,-0.0007805071654729545,0.04609835147857666,,,,0,-7.805071654729545
2013-04-26,fold_3,Eurozone debt plateau,0.003289533546194434,1,0.0027129673399031162,1,0.0027129673399031162,0.04893636703491211,,,,1,27.129673399031162
2013-04-30,fold_3,Eurozone debt plateau,0.003936402034014463,1,0.005530692171305418,1,0.005530692171305418,0.05473768711090088,,,,1,55.30692171305418
2013-05-01,fold_3,Eurozone debt plateau,0.0005716898012906313,1,0.0010545552941039205,1,0.0010545552941039205,0.05584990978240967,,,,1,10.545552941039205
2013-05-02,fold_3,Eurozone debt plateau,-0.006511347834020853,-1,-0.00888423714786768,-1,0.00888423714786768,0.06523025035858154,,,,1,88.8423714786768
2013-05-07,fold_3,Eurozone debt plateau,0.0029689513612538576,1,0.0005231635295785964,1,0.0005231635295785964,0.06578755378723145,,,,1,5.2316352957859635
2013-05-08,fold_3,Eurozone debt plateau,0.005004634615033865,1,0.00644897622987628,1,0.00644897622987628,0.07266080379486084,,,,1,64.4897622987628
2013-05-09,fold_3,Eurozone debt plateau,-0.006588298361748457,-1,-0.009645446203649044,-1,0.009645446203649044,0.0830070972442627,,,,1,96.45446203649044
2013-05-10,fold_3,Eurozone debt plateau,-0.004661217797547579,-1,-0.005302789621055126,-1,0.005302789621055126,0.08875000476837158,,,,1,53.02789621055126
2013-05-13,fold_3,Eurozone debt plateau,-0.0012295886408537626,-1,0.0017533899517729878,1,-0.0017533899517729878,0.08684098720550537,,,,0,-17.53389951772988
2013-05-14,fold_3,Eurozone debt plateau,-0.004585895221680403,-1,-0.003920002840459347,-1,0.003920002840459347,0.09110140800476074,,,,1,39.20002840459347
2013-05-15,fold_3,Eurozone debt plateau,-0.002939059631898999,-1,-0.004225410986691713,-1,0.004225410986691713,0.09571170806884766,,,,1,42.25410986691713
2013-05-16,fold_3,Eurozone debt plateau,-1.0423016647109762e-05,-1,6.449774082284421e-05,1,-6.449774082284421e-05,0.09564101696014404,,,,0,-0.6449774082284421
2013-05-17,fold_3,Eurozone debt plateau,-0.005637228023260832,-1,-0.003696675878018141,-1,0.003696675878018141,0.09969127178192139,,,,1,36.96675878018141
2013-05-20,fold_3,Eurozone debt plateau,0.0049576410092413425,1,0.004318435210734606,1,0.004318435210734606,0.10444021224975586,,,,1,43.18435210734606
2013-05-21,fold_3,Eurozone debt plateau,-0.001860570046119392,-1,0.002170462626963854,1,-0.002170462626963854,0.1020430326461792,,,,0,-21.70462626963854
2013-05-22,fold_3,Eurozone debt plateau,-0.006252116523683071,-1,-0.005958682391792536,-1,0.005958682391792536,0.10860979557037354,,,,1,59.58682391792536
2013-05-23,fold_3,Eurozone debt plateau,0.003295556642115116,1,0.006462528370320797,1,0.006462528370320797,0.11577427387237549,,,,1,64.62528370320797
2013-05-24,fold_3,Eurozone debt plateau,0.0029901829548180103,1,0.0009831828065216541,1,0.0009831828065216541,0.11687135696411133,,,,1,9.831828065216541
2013-05-28,fold_3,Eurozone debt plateau,-0.004803843330591917,-1,-0.006770005449652672,-1,0.006770005449652672,0.12443256378173828,,,,1,67.70005449652672
2013-05-29,fold_3,Eurozone debt plateau,0.005757512059062719,1,0.007898152805864811,1,0.007898152805864811,0.13331353664398193,,,,1,78.98152805864811
2013-05-30,fold_3,Eurozone debt plateau,0.00796446856111288,1,0.007421950809657574,1,0.007421950809657574,0.14172494411468506,,,,1,74.21950809657574
2013-05-31,fold_3,Eurozone debt plateau,-0.006735506467521191,-1,-0.0036389913875609636,-1,0.0036389913875609636,0.1458796262741089,,,,1,36.389913875609636
2013-06-03,fold_3,Eurozone debt plateau,0.006941178813576698,1,0.005882744211703539,1,0.005882744211703539,0.15262055397033691,,,,1,58.82744211703539
2013-06-04,fold_3,Eurozone debt plateau,-0.002369134221225977,-1,3.9302009099628776e-05,1,-3.9302009099628776e-05,0.15257525444030762,,,,0,-0.39302009099628776
2013-06-05,fold_3,Eurozone debt plateau,0.0014819552889093757,1,0.0015187669778242707,1,0.0015187669778242707,0.1543257236480713,,,,1,15.187669778242707
2013-06-06,fold_3,Eurozone debt plateau,0.008484446443617344,1,0.011629591695964336,1,0.011629591695964336,0.16775000095367432,,,,1,116.29591695964336
2013-06-07,fold_3,Eurozone debt plateau,-0.002707406645640731,-1,-0.0016265598824247718,-1,0.0016265598824247718,0.16964948177337646,,,,1,16.265598824247718
2013-06-10,fold_3,Eurozone debt plateau,0.0017872530734166503,1,0.0,1,0.0,0.16964948177337646,,,,0,0.0
2013-06-11,fold_3,Eurozone debt plateau,0.005575182382017374,1,0.0,1,0.0,0.16964948177337646,,,,0,0.0
2013-06-12,fold_3,Eurozone debt plateau,0.003940454684197903,1,0.008737497963011265,1,0.008737497963011265,0.1798691749572754,,,,1,87.37497963011265
2013-06-13,fold_3,Eurozone debt plateau,-0.0003468127688392997,-1,0.002125462982803583,1,-0.002125462982803583,0.17736148834228516,,,,0,-21.25462982803583
2013-06-14,fold_3,Eurozone debt plateau,-0.001999039901420474,-1,-0.0014417035272344947,-1,0.0014417035272344947,0.17905890941619873,,,,1,14.417035272344947
2013-06-17,fold_3,Eurozone debt plateau,0.0027002631686627865,1,0.001082459231838584,1,0.001082459231838584,0.1803351640701294,,,,1,10.82459231838584
2013-06-18,fold_3,Eurozone debt plateau,-0.0010097649646922946,-1,0.0020085156429558992,1,-0.0020085156429558992,0.177964448928833,,,,0,-20.085156429558992
2013-06-19,fold_3,Eurozone debt plateau,-0.006120801437646151,-1,-0.007323887664824724,-1,0.007323887664824724,0.1865917444229126,,,,1,73.23887664824724
2013-06-20,fold_3,Eurozone debt plateau,-0.007647950667887926,-1,-0.004235328175127506,-1,0.004235328175127506,0.19161736965179443,,,,1,42.35328175127506
2013-06-21,fold_3,Eurozone debt plateau,-0.004492647014558315,-1,-0.009842113591730595,-1,0.009842113591730595,0.2033454179763794,,,,1,98.42113591730595
2013-06-24,fold_3,Eurozone debt plateau,-0.0029619650449603796,-1,0.002061850391328335,1,-0.002061850391328335,0.20086431503295898,,,,0,-20.618503913283348
2013-06-25,fold_3,Eurozone debt plateau,-0.00239624478854239,-1,-0.004002472851425409,-1,0.004002472851425409,0.20567071437835693,,,,1,40.02472851425409
2013-06-26,fold_3,Eurozone debt plateau,-0.006691545248031616,-1,-0.00507523724809289,-1,0.00507523724809289,0.21178972721099854,,,,1,50.7523724809289
2013-06-27,fold_3,Eurozone debt plateau,0.0020940403919667006,1,0.0017338114557787776,1,0.0017338114557787776,0.2138906717300415,,,,1,17.338114557787776
2015-07-01,fold_4,Strong USD downturn,-0.006149297580122948,-1,-0.009102738462388515,-1,0.009102738462388515,0.009102702140808105,,,,1,91.02738462388515
2015-07-02,fold_4,Strong USD downturn,0.0042225331999361515,1,0.004833896644413471,1,0.004833896644413471,0.013980627059936523,,,,1,48.33896644413471
2015-07-06,fold_4,Strong USD downturn,-0.00019841606263071299,-1,0.00490582687780261,1,-0.00490582687780261,0.009006261825561523,,,,0,-49.058268778026104
2015-07-07,fold_4,Strong USD downturn,-0.007703343406319618,-1,-0.003534203628078103,-1,0.003534203628078103,0.012572288513183594,,,,1,35.34203628078103
2015-07-08,fold_4,Strong USD downturn,0.0069099185056984425,1,0.005546563304960728,1,0.005546563304960728,0.01818859577178955,,,,1,55.46563304960728
2015-07-09,fold_4,Strong USD downturn,-0.004453570581972599,-1,-0.0007190668839029968,-1,0.0007190668839029968,0.01892077922821045,,,,1,7.190668839029968
2015-07-10,fold_4,Strong USD downturn,0.005994916427880526,1,0.005965179298073053,1,0.005965179298073053,0.024998903274536133,,,,1,59.651792980730534
2015-07-13,fold_4,Strong USD downturn,-0.006513439118862152,-1,-0.012452283874154091,-1,0.012452283874154091,0.03776240348815918,,,,1,124.52283874154091
2015-07-14,fold_4,Strong USD downturn,0.004397877492010593,1,0.0015961879398673773,1,0.0015961879398673773,0.039418935775756836,,,,1,15.961879398673773
2015-07-15,fold_4,Strong USD downturn,-0.0056094699539244175,-1,-0.005854768678545952,-1,0.005854768678545952,0.04550445079803467,,,,1,58.54768678545952
2015-07-16,fold_4,Strong USD downturn,-0.0034316275268793106,-1,-0.005257993470877409,-1,0.005257993470877409,0.051001667976379395,,,,1,52.57993470877409
2015-07-17,fold_4,Strong USD downturn,0.00033637986052781343,1,-0.005122730508446693,-1,-0.005122730508446693,0.04561769962310791,,,,0,-51.227305084466934
2015-07-21,fold_4,Strong USD downturn,0.007753324694931507,1,0.00964904110878706,1,0.00964904110878706,0.05570685863494873,,,,1,96.4904110878706
2015-07-22,fold_4,Strong USD downturn,-0.003975600469857454,-1,-0.0011801107320934534,-1,0.0011801107320934534,0.056952595710754395,,,,1,11.801107320934534
2015-07-23,fold_4,Strong USD downturn,0.005460518412292004,1,0.005670242477208376,1,0.005670242477208376,0.06294572353363037,,,,1,56.70242477208376
2015-07-24,fold_4,Strong USD downturn,-0.002154409885406494,-1,-0.0015141702024266124,-1,0.0015141702024266124,0.06455528736114502,,,,1,15.141702024266124
2015-07-27,fold_4,Strong USD downturn,0.005932125262916088,1,0.010724127292633057,1,0.010724127292633057,0.07597160339355469,,,,1,107.24127292633057
2015-07-28,fold_4,Strong USD downturn,-0.0028553837910294533,-1,-0.0021689776331186295,-1,0.0021689776331186295,0.07830536365509033,,,,1,21.689776331186295
2015-07-29,fold_4,Strong USD downturn,-0.0017868631985038519,-1,-0.007403244264423847,-1,0.007403244264423847,0.08628833293914795,,,,1,74.03244264423847
2015-07-30,fold_4,Strong USD downturn,-0.007510976400226355,-1,-0.004080268554389477,-1,0.004080268554389477,0.09072065353393555,,,,1,40.80268554389477
2015-07-31,fold_4,Strong USD downturn,0.003374882275238633,1,0.0027202083729207516,1,0.0027202083729207516,0.09368765354156494,,,,1,27.202083729207516
2015-08-03,fold_4,Strong USD downturn,-0.00220181280747056,-1,-0.0011831811862066388,-1,0.0011831811862066388,0.09498167037963867,,,,1,11.831811862066388
2015-08-04,fold_4,Strong USD downturn,-0.00510626845061779,-1,-0.006119636818766594,-1,0.006119636818766594,0.10168254375457764,,,,1,61.19636818766594
2015-08-05,fold_4,Strong USD downturn,-0.001588632119819522,-1,0.0012975219869986176,1,-0.0012975219869986176,0.10025310516357422,,,,0,-12.975219869986176
2015-08-06,fold_4,Strong USD downturn,0.0003949906094931066,1,0.0021963249891996384,1,0.0021963249891996384,0.1026695966720581,,,,1,21.963249891996384
2015-08-07,fold_4,Strong USD downturn,0.003668631426990032,1,0.0034758939873427153,1,0.0034758939873427153,0.10650241374969482,,,,1,34.75893987342715
2015-08-10,fold_4,Strong USD downturn,0.004520767368376255,1,0.004737264011055231,1,0.004737264011055231,0.11174416542053223,,,,1,47.37264011055231
2015-08-11,fold_4,Strong USD downturn,-0.003073442028835416,-1,0.0022746871691197157,1,-0.0022746871691197157,0.10921525955200195,,,,0,-22.746871691197157
2015-08-12,fold_4,Strong USD downturn,0.008485517464578152,1,0.010770364664494991,1,0.010770364664494991,0.1211618185043335,,,,1,107.70364664494991
2015-08-13,fold_4,Strong USD downturn,-0.0032899740617722273,-1,0.0,1,-0.0,0.1211618185043335,,,,0,-0.0
2015-08-14,fold_4,Strong USD downturn,-0.001492088777013123,-1,-0.0060900431126356125,-1,0.0060900431126356125,0.1279897689819336,,,,1,60.900431126356125
2015-08-17,fold_4,Strong USD downturn,-0.0019488533725962043,-1,-0.0013515696628019214,-1,0.0013515696628019214,0.12951433658599854,,,,1,13.515696628019214
2015-08-18,fold_4,Strong USD downturn,0.0010545763652771711,1,-0.004257874097675085,-1,-0.004257874097675085,0.12470507621765137,,,,0,-42.57874097675085
2015-08-19,fold_4,Strong USD downturn,0.0039255074225366116,1,0.00790493655949831,1,0.00790493655949831,0.13359570503234863,,,,1,79.0493655949831
2015-08-20,fold_4,Strong USD downturn,0.007302930112928152,1,0.010697606019675732,1,0.010697606019675732,0.14572250843048096,,,,1,106.97606019675732
2015-08-21,fold_4,Strong USD downturn,0.005638906266540289,1,0.012457658536732197,1,0.012457658536732197,0.159995436668396,,,,1,124.57658536732197
2015-08-24,fold_4,Strong USD downturn,0.006962240673601627,1,0.018115969374775887,1,0.018115969374775887,0.18100988864898682,,,,1,181.15969374775887
2015-08-25,fold_4,Strong USD downturn,-0.0048982491716742516,-1,-0.00277227396145463,-1,0.00277227396145463,0.18428409099578857,,,,1,27.7227396145463
2015-08-26,fold_4,Strong USD downturn,-0.004409764893352985,-1,-0.018257446587085724,-1,0.018257446587085724,0.20590615272521973,,,,1,182.57446587085724
2015-08-27,fold_4,Strong USD downturn,-0.00614102091640234,-1,-0.008121015504002571,-1,0.008121015504002571,0.21569931507110596,,,,1,81.21015504002571
2015-08-28,fold_4,Strong USD downturn,-0.005217884201556444,-1,-0.0030165945645421743,-1,0.0030165945645421743,0.21936655044555664,,,,1,30.165945645421743
2015-08-31,fold_4,Strong USD downturn,0.0003025476762559265,1,0.001055276719853282,1,0.001055276719853282,0.22065329551696777,,,,1,10.55276719853282
2015-09-01,fold_4,Strong USD downturn,0.005465697031468153,1,0.006019366439431906,1,0.006019366439431906,0.22800087928771973,,,,1,60.19366439431906
2015-09-02,fold_4,Strong USD downturn,-0.002998415380716324,-1,-0.006853028200566769,-1,0.006853028200566769,0.23641633987426758,,,,1,68.53028200566769
2015-09-03,fold_4,Strong USD downturn,-0.007303507067263126,-1,-0.008032885380089283,-1,0.008032885380089283,0.24634838104248047,,,,1,80.32885380089283
2015-09-04,fold_4,Strong USD downturn,0.0007067820988595486,1,0.002341874875128269,1,0.002341874875128269,0.24926722049713135,,,,1,23.418748751282692
2015-09-08,fold_4,Strong USD downturn,0.003462268738076091,1,0.0038888398557901382,1,0.0038888398557901382,0.2541254758834839,,,,1,38.88839855790138
2015-09-09,fold_4,Strong USD downturn,-0.0026360091287642717,-1,0.0011893943883478642,1,-0.0011893943883478642,0.25263381004333496,,,,0,-11.893943883478642
2015-09-10,fold_4,Strong USD downturn,0.006049138028174639,1,0.006255229003727436,1,0.006255229003727436,0.26046931743621826,,,,1,62.55229003727436
2015-09-11,fold_4,Strong USD downturn,0.0013476504245772958,1,0.004707816056907177,1,0.004707816056907177,0.26640331745147705,,,,1,47.07816056907177
2015-09-14,fold_4,Strong USD downturn,1.536145828140434e-05,1,-0.003211408853530884,-1,-0.003211408853530884,0.2623363733291626,,,,0,-32.11408853530884
2015-09-15,fold_4,Strong USD downturn,-0.002076464705169201,-1,-0.0031674618367105722,-1,0.0031674618367105722,0.2663348913192749,,,,1,31.674618367105722
2015-09-16,fold_4,Strong USD downturn,0.002321998355910182,1,0.0017954690847545862,1,0.0017954690847545862,0.2686084508895874,,,,1,17.954690847545862
2015-09-17,fold_4,Strong USD downturn,0.008690891787409782,1,0.00964523945003748,1,0.00964523945003748,0.28084444999694824,,,,1,96.4523945003748
2015-09-18,fold_4,Strong USD downturn,-0.004518105648458004,-1,-0.009553097188472748,-1,0.009553097188472748,0.2930804491043091,,,,1,95.53097188472748
2015-09-24,fold_4,Strong USD downturn,0.001312165055423975,1,-0.0009837218094617128,-1,-0.0009837218094617128,0.29180848598480225,,,,0,-9.837218094617128
2015-09-25,fold_4,Strong USD downturn,-0.0018840428674593568,-1,0.0020386953838169575,1,-0.0020386953838169575,0.28917479515075684,,,,0,-20.386953838169575
2015-09-28,fold_4,Strong USD downturn,0.003704563481733203,1,0.0026168806944042444,1,0.0026168806944042444,0.29254841804504395,,,,1,26.168806944042444
2015-09-29,fold_4,Strong USD downturn,0.0020317165181040764,1,0.002217428293079138,1,0.002217428293079138,0.2954145669937134,,,,1,22.174282930791378
2015-09-30,fold_4,Strong USD downturn,-0.007381150033324957,-1,-0.007451786659657955,-1,0.007451786659657955,0.30506765842437744,,,,1,74.51786659657955
2015-10-01,fold_4,Strong USD downturn,0.003347049467265606,1,0.0019140391377732158,1,0.0019140391377732158,0.3075655698776245,,,,1,19.140391377732158
2015-10-02,fold_4,Strong USD downturn,0.004394111223518848,1,0.002997632836923003,1,0.002997632836923003,0.3114851713180542,,,,1,29.976328369230032
2015-10-05,fold_4,Strong USD downturn,-0.003309354418888688,-1,-0.0028323756996542215,-1,0.0028323756996542215,0.3151998519897461,,,,1,28.323756996542215
2015-10-06,fold_4,Strong USD downturn,0.0077375504188239574,1,0.006501608993858099,1,0.006501608993858099,0.32375073432922363,,,,1,65.01608993858099
2015-10-07,fold_4,Strong USD downturn,-0.001391607103869319,-1,-0.0024840589612722397,-1,0.0024840589612722397,0.3270390033721924,,,,1,24.840589612722397
2015-10-08,fold_4,Strong USD downturn,0.0019076656317338347,1,0.004176144953817129,1,0.004176144953817129,0.33258092403411865,,,,1,41.76144953817129
2015-10-09,fold_4,Strong USD downturn,0.005429951008409262,1,0.007356438785791397,1,0.007356438785791397,0.3423839807510376,,,,1,73.56438785791397
2015-10-13,fold_4,Strong USD downturn,0.001214867690578103,1,0.0025958227925002575,1,0.0025958227925002575,0.34586846828460693,,,,1,25.958227925002575
2015-10-14,fold_4,Strong USD downturn,0.00466381199657917,1,0.007952532730996609,1,0.007952532730996609,0.3565715551376343,,,,1,79.52532730996609
2015-10-15,fold_4,Strong USD downturn,-0.0060011339373886585,-1,-0.009355970658361912,-1,0.009355970658361912,0.3692636489868164,,,,1,93.55970658361912
2015-10-16,fold_4,Strong USD downturn,-0.0009183335932902992,-1,-0.0006248753634281456,-1,0.0006248753634281456,0.3701193332672119,,,,1,6.2487536342814565
2015-10-19,fold_4,Strong USD downturn,-0.004291783552616835,-1,-0.002820884808897972,-1,0.002820884808897972,0.3739842176437378,,,,1,28.20884808897972
2015-10-20,fold_4,Strong USD downturn,0.0026252877432852983,1,0.002202671719714999,1,0.002202671719714999,0.3770105838775635,,,,1,22.026717197149992
2015-10-21,fold_4,Strong USD downturn,-0.0019902961794286966,-1,-0.0005220280727371573,-1,0.0005220280727371573,0.3777294158935547,,,,1,5.2202807273715734
2015-10-22,fold_4,Strong USD downturn,-0.005321129225194454,-1,-0.023535992950201035,-1,0.023535992950201035,0.41015565395355225,,,,1,235.35992950201035
2015-10-23,fold_4,Strong USD downturn,-0.006211419124156237,-1,-0.005466054193675518,-1,0.005466054193675518,0.41786372661590576,,,,1,54.66054193675518
2015-10-26,fold_4,Strong USD downturn,0.0042494977824389935,1,0.004138649441301823,1,0.004138649441301823,0.42373180389404297,,,,1,41.38649441301823
2015-10-27,fold_4,Strong USD downturn,0.0007785985944792628,1,-0.002615799428895116,-1,-0.002615799428895116,0.420007586479187,,,,0,-26.15799428895116
2015-10-28,fold_4,Strong USD downturn,-0.004743699450045824,-1,-0.00979236513376236,-1,0.00979236513376236,0.4339127540588379,,,,1,97.9236513376236
2015-10-29,fold_4,Strong USD downturn,0.005800564773380756,1,0.005936706904321909,1,0.005936706904321909,0.4424254894256592,,,,1,59.36706904321909
2015-10-30,fold_4,Strong USD downturn,0.0022394517436623573,1,0.0029219379648566246,1,0.0029219379648566246,0.44664013385772705,,,,1,29.219379648566246
2015-11-02,fold_4,Strong USD downturn,0.0007201933767646551,1,-0.0009033163660205901,-1,-0.0009033163660205901,0.4453333616256714,,,,0,-9.0331636602059
2015-11-04,fold_4,Strong USD downturn,-0.006675251293927431,-1,-0.008748723194003105,-1,0.008748723194003105,0.4579782485961914,,,,1,87.48723194003105
2015-11-05,fold_4,Strong USD downturn,-0.00010101264342665672,-1,0.0014692713739350438,1,-0.0014692713739350438,0.45583605766296387,,,,0,-14.692713739350438
2015-11-06,fold_4,Strong USD downturn,-0.004953238181769848,-1,-0.013835355639457703,-1,0.013835355639457703,0.4759780168533325,,,,1,138.35355639457703
2015-11-09,fold_4,Strong USD downturn,0.001215858617797494,1,0.0024317402858287096,1,0.0024317402858287096,0.47956717014312744,,,,1,24.317402858287096
2015-11-10,fold_4,Strong USD downturn,-0.001967459451407194,-1,-0.002040166174992919,-1,0.002040166174992919,0.4825856685638428,,,,1,20.40166174992919
2015-11-11,fold_4,Strong USD downturn,0.003871769877150655,1,0.0023678515572100878,1,0.0023678515572100878,0.48609626293182373,,,,1,23.678515572100878
2015-11-12,fold_4,Strong USD downturn,0.004667190834879875,1,0.004834278021007776,1,0.004834278021007776,0.4932805299758911,,,,1,48.34278021007776
2015-11-13,fold_4,Strong USD downturn,-0.004211274441331625,-1,-0.01063578575849533,-1,0.01063578575849533,0.5091626644134521,,,,1,106.35785758495331
2015-11-16,fold_4,Strong USD downturn,-0.0031035360880196095,-1,-0.0011222391622141004,-1,0.0011222391622141004,0.5108562707901001,,,,1,11.222391622141004
2015-11-17,fold_4,Strong USD downturn,-0.0003506607608869672,-1,-0.004129724111407995,-1,0.004129724111407995,0.5170958042144775,,,,1,41.29724111407995
2015-11-18,fold_4,Strong USD downturn,3.135098813800141e-05,1,0.0024539949372410774,1,0.0024539949372410774,0.520818829536438,,,,1,24.539949372410774
2015-11-19,fold_4,Strong USD downturn,0.008049369789659977,1,0.005266564432531595,1,0.005266564432531595,0.5288282632827759,,,,1,52.66564432531595
2015-11-20,fold_4,Strong USD downturn,-0.004555134568363428,-1,-0.007938201539218426,-1,0.007938201539218426,0.5409643650054932,,,,1,79.38201539218426
2015-11-24,fold_4,Strong USD downturn,0.0032274124678224325,1,0.00017037845100276172,1,0.00017037845100276172,0.541226863861084,,,,1,1.7037845100276172
2015-11-25,fold_4,Strong USD downturn,-0.004466913640499115,-1,-0.0017743892967700958,-1,0.0017743892967700958,0.5439616441726685,,,,1,17.74389296770096
2015-11-27,fold_4,Strong USD downturn,-0.0012484509497880936,-1,-0.002021322725340724,-1,0.002021322725340724,0.5470824241638184,,,,1,20.21322725340724
2015-11-30,fold_4,Strong USD downturn,-0.0015172326238825917,-1,-0.0009516000864095986,-1,0.0009516000864095986,0.5485546588897705,,,,1,9.516000864095986
2015-12-01,fold_4,Strong USD downturn,0.005124691873788834,1,0.0050048306584358215,1,0.0050048306584358215,0.5563050508499146,,,,1,50.048306584358215
2015-12-02,fold_4,Strong USD downturn,-0.0024063759483397007,-1,-0.0012098338920623064,-1,0.0012098338920623064,0.5581879615783691,,,,1,12.098338920623064
2015-12-03,fold_4,Strong USD downturn,0.0019517411710694432,1,0.02854517288506031,1,0.02854517288506031,0.6026666164398193,,,,1,285.4517288506031
2015-12-04,fold_4,Strong USD downturn,-0.007278617471456528,-1,-0.0029278246220201254,-1,0.0029278246220201254,0.6073588132858276,,,,1,29.278246220201254
2015-12-07,fold_4,Strong USD downturn,-0.004574994556605816,-1,-0.004593567457050085,-1,0.004593567457050085,0.6147423982620239,,,,1,45.93567457050085
2015-12-08,fold_4,Strong USD downturn,0.0012659406056627631,1,0.005534087773412466,1,0.005534087773412466,0.62367844581604,,,,1,55.34087773412466
2015-12-09,fold_4,Strong USD downturn,0.007061608135700226,1,0.011381609365344048,1,0.011381609365344048,0.6421585083007812,,,,1,113.81609365344048
2015-12-10,fold_4,Strong USD downturn,-0.00649807695299387,-1,-0.006338960491120815,-1,0.006338960491120815,0.6525681018829346,,,,1,63.38960491120815
2015-12-11,fold_4,Strong USD downturn,0.004377003293484449,1,0.0032732149120420218,1,0.0032732149120420218,0.6579773426055908,,,,1,32.73214912042022
2015-12-14,fold_4,Strong USD downturn,-0.0009898832067847252,-1,0.0008245063363574445,1,-0.0008245063363574445,0.656610369682312,,,,0,-8.245063363574445
2015-12-15,fold_4,Strong USD downturn,-0.007064066827297211,-1,-0.005162013694643974,-1,0.005162013694643974,0.6651618480682373,,,,1,51.62013694643974
2015-12-16,fold_4,Strong USD downturn,0.0032529239542782307,1,-0.005643780343234539,-1,-0.005643780343234539,0.6557639837265015,,,,0,-56.43780343234539
2015-12-17,fold_4,Strong USD downturn,-0.006127393338829279,-1,-0.002797894412651658,-1,0.002797894412651658,0.6603965759277344,,,,1,27.97894412651658
2015-12-18,fold_4,Strong USD downturn,0.005368897225707769,1,0.0023806451354175806,1,0.0023806451354175806,0.6643493175506592,,,,1,23.806451354175806
2015-12-21,fold_4,Strong USD downturn,0.0026730031240731478,1,0.003961352631449699,1,0.003961352631449699,0.6709423065185547,,,,1,39.613526314496994
2015-12-22,fold_4,Strong USD downturn,0.0013427810044959188,1,0.003394516184926033,1,0.003394516184926033,0.6766142845153809,,,,1,33.94516184926033
2015-12-24,fold_4,Strong USD downturn,0.003238670527935028,1,0.00557277537882328,1,0.00557277537882328,0.685957670211792,,,,1,55.7277537882328
2015-12-28,fold_4,Strong USD downturn,0.0009265841217711568,1,0.0008450971217826009,1,0.0008450971217826009,0.6873824596405029,,,,1,8.450971217826009
2015-12-29,fold_4,Strong USD downturn,0.00022899585019331425,1,-0.004305660724639893,-1,-0.004305660724639893,0.680117130279541,,,,0,-43.056607246398926
2019-04-04,fold_5,Low-vol plateau,-0.0029542334377765656,-1,-0.0018746902933344245,-1,0.0018746902933344245,0.001874685287475586,,,,1,18.746902933344245
2019-04-05,fold_5,Low-vol plateau,-0.0006006705807521939,-1,-0.0005610103835351765,-1,0.0005610103835351765,0.0024367570877075195,,,,1,5.610103835351765
2019-04-08,fold_5,Low-vol plateau,0.0036672998685389757,1,0.003286882070824504,1,0.003286882070824504,0.0057315826416015625,,,,1,32.86882070824504
2019-04-09,fold_5,Low-vol plateau,0.0003163997607771307,1,0.000935124815441668,1,0.000935124815441668,0.006672024726867676,,,,1,9.35124815441668
2019-04-10,fold_5,Low-vol plateau,0.0012281205272302032,1,0.0008457988151349127,1,0.0008457988151349127,0.0075234174728393555,,,,1,8.457988151349127
2019-04-11,fold_5,Low-vol plateau,-0.003180946223437786,-1,-0.0013963867677375674,-1,0.0013963867677375674,0.008930325508117676,,,,1,13.963867677375674
2019-04-12,fold_5,Low-vol plateau,0.0018648076802492142,1,0.003934172447770834,1,0.003934172447770834,0.012899637222290039,,,,1,39.34172447770834
2019-04-15,fold_5,Low-vol plateau,-0.00037238423828966916,-1,-1.1282911145826802e-05,-1,1.1282911145826802e-05,0.012911081314086914,,,,1,0.11282911145826802
2019-04-16,fold_5,Low-vol plateau,-0.00038288257201202214,-1,-0.001760470331646502,-1,0.001760470331646502,0.01469433307647705,,,,1,17.60470331646502
2019-04-17,fold_5,Low-vol plateau,0.0004885455709882081,1,0.0010732508962973952,1,0.0010732508962973952,0.015783309936523438,,,,1,10.732508962973952
2019-04-18,fold_5,Low-vol plateau,-0.0029948302544653416,-1,-0.005415794439613819,-1,0.005415794439613819,0.02128458023071289,,,,1,54.15794439613819
2019-04-22,fold_5,Low-vol plateau,0.0009942741598933935,1,0.0012835260713472962,1,0.0012835260713472962,0.02259540557861328,,,,1,12.835260713472962
2019-04-23,fold_5,Low-vol plateau,-0.003286822000518441,-1,-0.0030754762701690197,-1,0.0030754762701690197,0.025740385055541992,,,,1,30.754762701690197
2019-04-24,fold_5,Low-vol plateau,-0.004557196982204914,-1,-0.006312881130725145,-1,0.006312881130725145,0.03221571445465088,,,,1,63.12881130725145
2019-04-25,fold_5,Low-vol plateau,-0.0005271252011880279,-1,-0.0014923748094588518,-1,0.0014923748094588518,0.033756136894226074,,,,1,14.923748094588518
2019-04-26,fold_5,Low-vol plateau,0.0025205581914633512,1,0.0012043117312714458,1,0.0012043117312714458,0.03500103950500488,,,,1,12.043117312714458
2019-05-07,fold_5,Low-vol plateau,-0.0010556947672739625,-1,-0.0009624563390389085,-1,0.0009624563390389085,0.03599727153778076,,,,1,9.624563390389085
2019-05-08,fold_5,Low-vol plateau,0.0004631277988664806,1,0.0006494636763818562,1,0.0006494636763818562,0.03667008876800537,,,,1,6.494636763818562
2019-05-09,fold_5,Low-vol plateau,0.0027762313839048147,1,0.0021209637634456158,1,0.0021209637634456158,0.03886878490447998,,,,1,21.209637634456158
2019-05-10,fold_5,Low-vol plateau,4.113493923796341e-05,1,0.0012809962499886751,1,0.0012809962499886751,0.0401996374130249,,,,1,12.809962499886751
2019-05-13,fold_5,Low-vol plateau,0.00032837121398188174,1,-0.00034819229040294886,-1,-0.00034819229040294886,0.03983747959136963,,,,0,-3.4819229040294886
2019-05-14,fold_5,Low-vol plateau,0.0008856310741975904,1,-0.002498582238331437,-1,-0.002498582238331437,0.0372394323348999,,,,0,-24.98582238331437
2019-05-15,fold_5,Low-vol plateau,-0.0007823426858521998,-1,0.0002465155557729304,1,-0.0002465155557729304,0.03698372840881348,,,,0,-2.465155557729304
2019-05-16,fold_5,Low-vol plateau,-0.002567542251199484,-1,-0.00300564244389534,-1,0.00300564244389534,0.04010045528411865,,,,1,30.0564244389534
2019-05-17,fold_5,Low-vol plateau,-0.0012120722094550729,-1,-0.0007370057865045965,-1,0.0007370057865045965,0.040866971015930176,,,,1,7.370057865045965
2019-05-20,fold_5,Low-vol plateau,0.0010395277058705688,1,0.00029040739173069596,1,0.00029040739173069596,0.04116928577423096,,,,1,2.9040739173069596
2019-05-21,fold_5,Low-vol plateau,-0.0007116327760741115,-1,-0.0011713255662471056,-1,0.0011713255662471056,0.042388916015625,,,,1,11.713255662471056
2019-05-23,fold_5,Low-vol plateau,0.002341002691537142,1,0.002606033580377698,1,0.002606033580377698,0.0451054573059082,,,,1,26.06033580377698
2019-05-24,fold_5,Low-vol plateau,0.0015620660269632936,1,0.002241884358227253,1,0.002241884358227253,0.04744839668273926,,,,1,22.41884358227253
2019-05-28,fold_5,Low-vol plateau,-0.0039405361749231815,-1,-0.002066653920337558,-1,0.002066653920337558,0.049613118171691895,,,,1,20.666539203375578
2019-05-29,fold_5,Low-vol plateau,-0.0018120917957276106,-1,-0.0029847442638128996,-1,0.0029847442638128996,0.052745938301086426,,,,1,29.847442638128996
2019-05-30,fold_5,Low-vol plateau,0.0005339444032870233,1,-0.0005565853207372129,-1,-0.0005565853207372129,0.052160024642944336,,,,0,-5.565853207372129
2019-05-31,fold_5,Low-vol plateau,0.003707856871187687,1,0.003855000250041485,1,0.003855000250041485,0.05621612071990967,,,,1,38.55000250041485
2019-06-03,fold_5,Low-vol plateau,0.005302683915942907,1,0.006466649007052183,1,0.006466649007052183,0.06304621696472168,,,,1,64.66649007052183
2019-06-04,fold_5,Low-vol plateau,0.0006716601783409715,1,0.0006865524337626994,1,0.0006865524337626994,0.06377601623535156,,,,1,6.865524337626994
2019-06-05,fold_5,Low-vol plateau,-0.003430647309869528,-1,-0.002223382471129298,-1,0.002223382471129298,0.06614112854003906,,,,1,22.233824711292982
2019-06-06,fold_5,Low-vol plateau,0.0033044114243239164,1,0.004228744190186262,1,0.004228744190186262,0.07064950466156006,,,,1,42.28744190186262
2019-06-07,fold_5,Low-vol plateau,0.004097478464245796,1,0.003871487220749259,1,0.003871487220749259,0.07479441165924072,,,,1,38.71487220749259
2019-06-10,fold_5,Low-vol plateau,-0.0018245539395138621,-1,-0.00018112821271643043,-1,0.00018112821271643043,0.07498908042907715,,,,1,1.8112821271643043
2019-06-11,fold_5,Low-vol plateau,0.0009383044089190662,1,0.001008287537842989,1,0.001008287537842989,0.07607293128967285,,,,1,10.08287537842989
2019-06-12,fold_5,Low-vol plateau,-0.00242963177151978,-1,-0.002993301022797823,-1,0.002993301022797823,0.07929396629333496,,,,1,29.93301022797823
2019-06-13,fold_5,Low-vol plateau,1.6399562809965573e-05,1,-0.0013423121999949217,-1,-0.0013423121999949217,0.07784521579742432,,,,0,-13.423121999949217
2019-06-14,fold_5,Low-vol plateau,-0.005322849843651056,-1,-0.005619735922664404,-1,0.005619735922664404,0.08390247821807861,,,,1,56.19735922664404
2019-06-17,fold_5,Low-vol plateau,0.0008398438221774995,1,0.0006733588525094092,1,0.0006733588525094092,0.08463239669799805,,,,1,6.733588525094092
2019-06-18,fold_5,Low-vol plateau,-0.0009057012503035367,-1,-0.0023515592329204082,-1,0.0023515592329204082,0.08718287944793701,,,,1,23.515592329204082
2019-06-19,fold_5,Low-vol plateau,0.003993730526417494,1,0.003596331924200058,1,0.003596331924200058,0.09109270572662354,,,,1,35.96331924200058
2019-06-20,fold_5,Low-vol plateau,0.0036238653119653463,1,0.005082990508526564,1,0.005082990508526564,0.09663867950439453,,,,1,50.829905085265636
2019-06-21,fold_5,Low-vol plateau,0.003019202733412385,1,0.007889659143984318,1,0.007889659143984318,0.10529077053070068,,,,1,78.89659143984318
2019-06-24,fold_5,Low-vol plateau,0.0012295723427087069,1,0.0013679296243935823,1,0.0013679296243935823,0.10680270195007324,,,,1,13.679296243935823
2019-06-25,fold_5,Low-vol plateau,-0.0015749487793073058,-1,-0.0026604935992509127,-1,0.0026604935992509127,0.10974740982055664,,,,1,26.604935992509127
2019-06-26,fold_5,Low-vol plateau,-0.0011879362864419818,-1,0.00042085087625309825,1,-0.00042085087625309825,0.10928034782409668,,,,0,-4.2085087625309825
2019-06-27,fold_5,Low-vol plateau,0.0001948974240804091,1,-0.0001591937179910019,-1,-0.0001591937179910019,0.10910379886627197,,,,0,-1.591937179910019
2019-06-28,fold_5,Low-vol plateau,0.0007263704901561141,1,-0.00070458889240399,-1,-0.00070458889240399,0.1083223819732666,,,,0,-7.0458889240399
2019-07-01,fold_5,Low-vol plateau,-0.005109323654323816,-1,-0.0068176812492311,-1,0.0068176812492311,0.11587858200073242,,,,1,68.176812492311
2019-07-02,fold_5,Low-vol plateau,0.0022267771419137716,1,0.0004969057627022266,1,0.0004969057627022266,0.1164330244064331,,,,1,4.969057627022266
2019-07-03,fold_5,Low-vol plateau,-0.0013079396449029446,-1,-0.00045158492866903543,-1,0.00045158492866903543,0.11693716049194336,,,,1,4.515849286690354
2019-07-05,fold_5,Low-vol plateau,-0.00502521637827158,-1,-0.005175866652280092,-1,0.005175866652280092,0.1227182149887085,,,,1,51.75866652280092
2019-07-08,fold_5,Low-vol plateau,-0.0012662122026085854,-1,-0.0010094279423356056,-1,0.0010094279423356056,0.12385153770446777,,,,1,10.094279423356056
2019-07-09,fold_5,Low-vol plateau,-0.00039135426050052047,-1,-0.0006948888185434043,-1,0.0006948888185434043,0.12463247776031494,,,,1,6.948888185434043
2019-07-10,fold_5,Low-vol plateau,0.004585850052535534,1,0.004514812957495451,1,0.004514812957495451,0.12970995903015137,,,,1,45.14812957495451
2019-07-11,fold_5,Low-vol plateau,0.0005593796959146857,1,-0.0005738722975365818,-1,-0.0005738722975365818,0.12906169891357422,,,,0,-5.7387229753658175
2019-07-12,fold_5,Low-vol plateau,0.0025486701633781195,1,0.001747183850966394,1,0.001747183850966394,0.13103437423706055,,,,1,17.47183850966394
2019-07-16,fold_5,Low-vol plateau,-0.004337632562965155,-1,-0.004395125899463892,-1,0.004395125899463892,0.13600540161132812,,,,1,43.95125899463892
2019-07-17,fold_5,Low-vol plateau,0.0027836179360747337,1,0.0015496194828301668,1,0.0015496194828301668,0.1377657651901245,,,,1,15.496194828301668
2019-07-18,fold_5,Low-vol plateau,0.005418369546532631,1,0.0028379710856825113,1,0.0028379710856825113,0.14099478721618652,,,,1,28.379710856825113
2019-07-19,fold_5,Low-vol plateau,-0.0043126558884978294,-1,-0.003836731193587184,-1,0.003836731193587184,0.14537250995635986,,,,1,38.36731193587184
2019-07-22,fold_5,Low-vol plateau,-0.0006302564288489521,-1,-0.0010869659017771482,-1,0.0010869659017771482,0.14661753177642822,,,,1,10.869659017771482
2019-07-23,fold_5,Low-vol plateau,-0.003492665244266391,-1,-0.004895445425063372,-1,0.004895445425063372,0.15223073959350586,,,,1,48.95445425063372
2019-07-24,fold_5,Low-vol plateau,0.0004187145095784217,1,-0.0007910756976343691,-1,-0.0007910756976343691,0.15131926536560059,,,,0,-7.910756976343691
2019-07-25,fold_5,Low-vol plateau,-0.0010897539323195815,-1,0.0003343336284160614,1,-0.0003343336284160614,0.1509343385696411,,,,0,-3.343336284160614
2019-07-26,fold_5,Low-vol plateau,-0.0005639568553306162,-1,-0.0012578507885336876,-1,0.0012578507885336876,0.15238213539123535,,,,1,12.578507885336876
2019-07-29,fold_5,Low-vol plateau,-0.0009165202500298619,-1,0.000980583718046546,1,-0.000980583718046546,0.1512521505355835,,,,0,-9.80583718046546
2019-07-30,fold_5,Low-vol plateau,0.0005701548070646822,1,0.0013388646766543388,1,0.0013388646766543388,0.1527935266494751,,,,1,13.388646766543388
2019-07-31,fold_5,Low-vol plateau,-0.004259712994098663,-1,-0.007728002034127712,-1,0.007728002034127712,0.16170227527618408,,,,1,77.28002034127712
2019-08-01,fold_5,Low-vol plateau,0.0010053919395431876,1,0.0006425735191442072,1,0.0006425735191442072,0.16244876384735107,,,,1,6.425735191442072
2019-08-02,fold_5,Low-vol plateau,0.0025815838016569614,1,0.0026325583457946777,1,0.0026325583457946777,0.16550910472869873,,,,1,26.325583457946777
2019-08-05,fold_5,Low-vol plateau,0.0054840506054461,1,0.012222036719322205,1,0.012222036719322205,0.17975401878356934,,,,1,122.22036719322205
2019-08-06,fold_5,Low-vol plateau,-0.000259009946603328,-1,-0.003272486152127385,-1,0.003272486152127385,0.1836148500442505,,,,1,32.72486152127385
2019-08-07,fold_5,Low-vol plateau,0.001432953868061304,1,-0.0002352914452785626,-1,-0.0002352914452785626,0.18333637714385986,,,,0,-2.352914452785626
2019-08-08,fold_5,Low-vol plateau,-0.0014639828586950898,-1,-0.0015326269203796983,-1,0.0015326269203796983,0.18515002727508545,,,,1,15.326269203796983
2019-08-09,fold_5,Low-vol plateau,0.0014201861340552568,1,0.0019053779542446136,1,0.0019053779542446136,0.18740808963775635,,,,1,19.053779542446136
2019-08-13,fold_5,Low-vol plateau,-0.0035961030516773462,-1,-0.0036772366147488356,-1,0.0036772366147488356,0.19177448749542236,,,,1,36.772366147488356
2019-08-14,fold_5,Low-vol plateau,-0.0011699344031512737,-1,-0.003019839758053422,-1,0.003019839758053422,0.19537341594696045,,,,1,30.19839758053422
2019-08-15,fold_5,Low-vol plateau,0.0006084564956836402,1,-0.0026672929525375366,-1,-0.0026672929525375366,0.19218504428863525,,,,0,-26.672929525375366
2019-08-16,fold_5,Low-vol plateau,0.0011264580534771085,1,-0.0017750132828950882,-1,-0.0017750132828950882,0.19006884098052979,,,,0,-17.750132828950882
2019-08-19,fold_5,Low-vol plateau,-0.00099651119671762,-1,-0.0009641959914006293,-1,0.0009641959914006293,0.19121623039245605,,,,1,9.641959914006293
2019-08-20,fold_5,Low-vol plateau,0.0013315037358552217,1,0.001320609007962048,1,0.001320609007962048,0.19278931617736816,,,,1,13.20609007962048
2019-08-21,fold_5,Low-vol plateau,-0.001399260712787509,-1,-0.0006321496912278235,-1,0.0006321496912278235,0.19354331493377686,,,,1,6.321496912278235
2019-08-22,fold_5,Low-vol plateau,0.0018484118627384305,1,-0.0006096552242524922,-1,-0.0006096552242524922,0.1928156614303589,,,,0,-6.096552242524922
2019-08-23,fold_5,Low-vol plateau,0.004143503028899431,1,0.005326444748789072,1,0.005326444748789072,0.19916903972625732,,,,1,53.26444748789072
2019-08-26,fold_5,Low-vol plateau,-0.0028446903452277184,-1,-0.0035310082603245974,-1,0.0035310082603245974,0.20340323448181152,,,,1,35.310082603245974
2019-08-27,fold_5,Low-vol plateau,0.0022546323016285896,1,-0.0012309884186834097,-1,-0.0012309884186834097,0.20192182064056396,,,,0,-12.309884186834097
2019-08-28,fold_5,Low-vol plateau,-0.0010258556576445699,-1,-0.0003769751638174057,-1,0.0003769751638174057,0.20237481594085693,,,,1,3.769751638174057
2019-08-29,fold_5,Low-vol plateau,-0.002347520785406232,-1,-0.0021569994278252125,-1,0.0021569994278252125,0.20496833324432373,,,,1,21.569994278252125
2019-08-30,fold_5,Low-vol plateau,-0.004579687491059303,-1,-0.0063423048704862595,-1,0.0063423048704862595,0.21261060237884521,,,,1,63.423048704862595
2019-09-03,fold_5,Low-vol plateau,-0.0009559431346133351,-1,0.0005487410235218704,1,-0.0005487410235218704,0.21194517612457275,,,,0,-5.487410235218704
2019-09-04,fold_5,Low-vol plateau,0.00447383988648653,1,0.005506451241672039,1,0.005506451241672039,0.21861863136291504,,,,1,55.06451241672039
2019-09-05,fold_5,Low-vol plateau,0.0006480409647338092,1,0.0001214242001879029,1,0.0001214242001879029,0.2187666893005371,,,,1,1.214242001879029
2019-09-06,fold_5,Low-vol plateau,0.001004487625323236,1,-0.0014217004645615816,-1,-0.0014217004645615816,0.2170339822769165,,,,0,-14.217004645615816
2019-09-09,fold_5,Low-vol plateau,0.0018563701305538416,1,0.002519046887755394,1,0.002519046887755394,0.22009968757629395,,,,1,25.19046887755394
2019-09-10,fold_5,Low-vol plateau,-0.0009098022128455341,-1,0.00017673612455837429,1,-0.00017673612455837429,0.21988403797149658,,,,0,-1.7673612455837429
2019-09-11,fold_5,Low-vol plateau,-0.0026647953782230616,-1,-0.003337112022563815,-1,0.003337112022563815,0.2239549160003662,,,,1,33.37112022563815
2019-09-12,fold_5,Low-vol plateau,0.005064048338681459,1,0.004069486167281866,1,0.004069486167281866,0.22893571853637695,,,,1,40.69486167281866
2019-09-13,fold_5,Low-vol plateau,0.00011016987991752103,1,0.0022721209097653627,1,0.0022721209097653627,0.23172807693481445,,,,1,22.721209097653627
2019-09-17,fold_5,Low-vol plateau,0.004547483753412962,1,0.00624600937590003,1,0.00624600937590003,0.23942136764526367,,,,1,62.4600937590003
2019-09-18,fold_5,Low-vol plateau,-0.004234513733536005,-1,-0.003905115881934762,-1,0.003905115881934762,0.24426138401031494,,,,1,39.05115881934762
2019-09-19,fold_5,Low-vol plateau,0.0033708326518535614,1,0.001546817016787827,1,0.001546817016787827,0.24618613719940186,,,,1,15.46817016787827
2019-09-20,fold_5,Low-vol plateau,-0.003082801355049014,-1,-0.0026665497571229935,-1,0.0026665497571229935,0.24950921535491943,,,,1,26.665497571229935
2019-09-24,fold_5,Low-vol plateau,0.002644454827532172,1,0.002104161074385047,1,0.002104161074385047,0.2521383762359619,,,,1,21.04161074385047
2019-09-25,fold_5,Low-vol plateau,-0.006029888056218624,-1,-0.005804941989481449,-1,0.005804941989481449,0.2594069242477417,,,,1,58.04941989481449
2019-09-26,fold_5,Low-vol plateau,-0.00025620675296522677,-1,-0.0027526237536221743,-1,0.0027526237536221743,0.26287364959716797,,,,1,27.526237536221743
2019-09-27,fold_5,Low-vol plateau,0.002609287155792117,1,0.0018274149624630809,1,0.0018274149624630809,0.26518142223358154,,,,1,18.27414962463081
2022-04-05,fold_6,EUR crisis downturn,-0.0057936073280870914,-1,-0.006325795315206051,-1,0.006325795315206051,0.006325840950012207,,,,1,63.25795315206051
2022-04-06,fold_6,EUR crisis downturn,-0.0009649686398915946,-1,-0.0007518871570937335,-1,0.0007518871570937335,0.007082462310791016,,,,1,7.5188715709373355
2022-04-07,fold_6,EUR crisis downturn,-0.0007838575984351337,-1,-0.0030639569740742445,-1,0.0030639569740742445,0.010168075561523438,,,,1,30.639569740742445
2022-04-08,fold_6,EUR crisis downturn,-0.0012884327443316579,-1,0.0018505415646359324,1,-0.0018505415646359324,0.008298754692077637,,,,0,-18.505415646359324
2022-04-11,fold_6,EUR crisis downturn,-0.0017418431816622615,-1,-0.0006418824777938426,-1,0.0006418824777938426,0.008946061134338379,,,,1,6.4188247779384255
2022-04-12,fold_6,EUR crisis downturn,-0.002671196823939681,-1,-0.004763457924127579,-1,0.004763457924127579,0.013752102851867676,,,,1,47.63457924127579
2022-04-13,fold_6,EUR crisis downturn,0.005561064463108778,1,0.00650522205978632,1,0.00650522205978632,0.020346760749816895,,,,1,65.0522205978632
2022-04-14,fold_6,EUR crisis downturn,-0.006657509598881006,-1,-0.0069362265057861805,-1,0.0069362265057861805,0.027424097061157227,,,,1,69.3622650578618
2022-04-18,fold_6,EUR crisis downturn,-0.0030378266237676144,-1,-0.0030944086611270905,-1,0.0030944086611270905,0.030603408813476562,,,,1,30.944086611270905
2022-04-19,fold_6,EUR crisis downturn,0.0002912761992774904,1,0.0011765266535803676,1,0.0011765266535803676,0.03181588649749756,,,,1,11.765266535803676
2022-04-20,fold_6,EUR crisis downturn,0.0076188999228179455,1,0.005132047925144434,1,0.005132047925144434,0.03711128234863281,,,,1,51.32047925144434
2022-04-21,fold_6,EUR crisis downturn,-0.0027951993979513645,-1,-0.0013543874956667423,-1,0.0013543874956667423,0.03851592540740967,,,,1,13.543874956667423
2022-04-22,fold_6,EUR crisis downturn,-0.006139845587313175,-1,-0.0022270376794040203,-1,0.0022270376794040203,0.040828824043273926,,,,1,22.270376794040203
2022-04-25,fold_6,EUR crisis downturn,-0.003662103321403265,-1,-0.008957143872976303,-1,0.008957143872976303,0.050151705741882324,,,,1,89.57143872976303
2022-04-26,fold_6,EUR crisis downturn,-0.0054861330427229404,-1,-0.006588426884263754,-1,0.006588426884263754,0.05707061290740967,,,,1,65.88426884263754
2022-04-27,fold_6,EUR crisis downturn,-0.003750781062990427,-1,-0.008317396976053715,-1,0.008317396976053715,0.06586265563964844,,,,1,83.17396976053715
2022-04-28,fold_6,EUR crisis downturn,-0.005282088648527861,-1,-0.004821411799639463,-1,0.004821411799639463,0.07100164890289307,,,,1,48.214117996394634
2022-05-02,fold_6,EUR crisis downturn,-0.005020160228013992,-1,-0.002553798258304596,-1,0.002553798258304596,0.07373678684234619,,,,1,25.53798258304596
2022-05-06,fold_6,EUR crisis downturn,0.0017749170074239373,1,-0.0007161782123148441,-1,-0.0007161782123148441,0.07296788692474365,,,,0,-7.161782123148441
2022-05-09,fold_6,EUR crisis downturn,0.00017551719793118536,1,0.003190816380083561,1,0.003190816380083561,0.07639157772064209,,,,1,31.90816380083561
2022-05-10,fold_6,EUR crisis downturn,-0.0012245641555637121,-1,-0.0031072180718183517,-1,0.0031072180718183517,0.07973611354827881,,,,1,31.072180718183517
2022-05-11,fold_6,EUR crisis downturn,0.0006756764487363398,1,-0.0019448387902230024,-1,-0.0019448387902230024,0.0776362419128418,,,,0,-19.448387902230024
2022-05-12,fold_6,EUR crisis downturn,-0.007527093403041363,-1,-0.0126422718167305,-1,0.0126422718167305,0.09125995635986328,,,,1,126.42271816730499
2022-05-13,fold_6,EUR crisis downturn,0.003811916569247842,1,0.002028132788836956,1,0.002028132788836956,0.09347319602966309,,,,1,20.28132788836956
2022-05-16,fold_6,EUR crisis downturn,0.0030371644534170628,1,0.003684947732836008,1,0.003684947732836008,0.09750258922576904,,,,1,36.84947732836008
2022-05-17,fold_6,EUR crisis downturn,0.007808386348187923,1,0.01043185405433178,1,0.01043185405433178,0.10895156860351562,,,,1,104.3185405433178
2022-05-18,fold_6,EUR crisis downturn,-0.00601405743509531,-1,-0.007121461909264326,-1,0.007121461909264326,0.11684894561767578,,,,1,71.21461909264326
2022-05-19,fold_6,EUR crisis downturn,0.008189561776816845,1,0.010145164094865322,1,0.010145164094865322,0.12817955017089844,,,,1,101.45164094865322
2022-05-20,fold_6,EUR crisis downturn,-0.005653717089444399,-1,-0.000866660091560334,-1,0.000866660091560334,0.12915730476379395,,,,1,8.66660091560334
2022-05-23,fold_6,EUR crisis downturn,0.006306824740022421,1,0.010617928579449654,1,0.010617928579449654,0.14114665985107422,,,,1,106.17928579449654
2022-05-24,fold_6,EUR crisis downturn,0.00133400852791965,1,0.005099795293062925,1,0.005099795293062925,0.14696621894836426,,,,1,50.99795293062925
2022-05-25,fold_6,EUR crisis downturn,-0.001703532412648201,-1,-0.004648668225854635,-1,0.004648668225854635,0.15229809284210205,,,,1,46.48668225854635
2022-05-26,fold_6,EUR crisis downturn,0.002390408655628562,1,0.004336175508797169,1,0.004336175508797169,0.1572946310043335,,,,1,43.36175508797169
2022-05-27,fold_6,EUR crisis downturn,0.0012941440800204873,1,-0.0001395020226482302,-1,-0.0001395020226482302,0.15713322162628174,,,,0,-1.395020226482302
2022-05-31,fold_6,EUR crisis downturn,-0.0006104158819653094,-1,-0.0036603042390197515,-1,0.0036603042390197515,0.161368727684021,,,,1,36.603042390197515
2022-06-01,fold_6,EUR crisis downturn,-0.006347657181322575,-1,-0.007447231560945511,-1,0.007447231560945511,0.17001771926879883,,,,1,74.47231560945511
2022-06-02,fold_6,EUR crisis downturn,0.007328906562179327,1,0.009095413610339165,1,0.009095413610339165,0.18065953254699707,,,,1,90.95413610339165
2022-06-03,fold_6,EUR crisis downturn,-0.005397298373281956,-1,-0.0023275099229067564,-1,0.0023275099229067564,0.18340754508972168,,,,1,23.275099229067564
2022-06-06,fold_6,EUR crisis downturn,-0.0038136057555675507,-1,-0.003228839486837387,-1,0.003228839486837387,0.18722856044769287,,,,1,32.28839486837387
2022-06-07,fold_6,EUR crisis downturn,0.002668579574674368,1,0.0006740176468156278,1,0.0006740176468156278,0.18802881240844727,,,,1,6.740176468156278
2022-06-08,fold_6,EUR crisis downturn,-0.0022374126128852367,-1,0.0017791216960176826,1,-0.0017791216960176826,0.18591511249542236,,,,0,-17.791216960176826
2022-06-09,fold_6,EUR crisis downturn,-0.006060650106519461,-1,-0.009185684844851494,-1,0.009185684844851494,0.1968085765838623,,,,1,91.85684844851494
2022-06-10,fold_6,EUR crisis downturn,-0.00597972609102726,-1,-0.012168340384960175,-1,0.012168340384960175,0.21137166023254395,,,,1,121.68340384960175
2022-06-13,fold_6,EUR crisis downturn,-0.0031095026060938835,-1,-0.0071343835443258286,-1,0.0071343835443258286,0.22001409530639648,,,,1,71.34383544325829
2022-06-14,fold_6,EUR crisis downturn,-0.0019653639756143093,-1,0.0024430977646261454,1,-0.0024430977646261454,0.2170335054397583,,,,0,-24.430977646261454
2022-06-15,fold_6,EUR crisis downturn,0.00515318475663662,1,0.0014952836791053414,1,0.0014952836791053414,0.21885323524475098,,,,1,14.952836791053414
2022-06-16,fold_6,EUR crisis downturn,0.007226457353681326,1,0.00866952445358038,1,0.00866952445358038,0.22942006587982178,,,,1,86.6952445358038
2022-06-17,fold_6,EUR crisis downturn,-0.006027071736752987,-1,-0.005256267264485359,-1,0.005256267264485359,0.23588228225708008,,,,1,52.56267264485359
2022-06-21,fold_6,EUR crisis downturn,0.0014659666921943426,1,0.001126965624280274,1,0.001126965624280274,0.2372751235961914,,,,1,11.26965624280274
2022-06-22,fold_6,EUR crisis downturn,0.003739344421774149,1,0.0029896728228777647,1,0.0029896728228777647,0.24097418785095215,,,,1,29.896728228777647
2022-06-23,fold_6,EUR crisis downturn,-0.001935355132445693,-1,-0.004165956750512123,-1,0.004165956750512123,0.24614405632019043,,,,1,41.65956750512123
2022-06-24,fold_6,EUR crisis downturn,0.0031922226771712303,1,0.004374321084469557,1,0.004374321084469557,0.25159502029418945,,,,1,43.74321084469557
2022-06-27,fold_6,EUR crisis downturn,0.002964639337733388,1,0.0013967370614409447,1,0.0013967370614409447,0.25334322452545166,,,,1,13.967370614409447
2022-06-28,fold_6,EUR crisis downturn,-0.004973865579813719,-1,-0.0054197353310883045,-1,0.0054197353310883045,0.2601360082626343,,,,1,54.197353310883045
2022-06-29,fold_6,EUR crisis downturn,-0.005792299285531044,-1,-0.007312588859349489,-1,0.007312588859349489,0.2693507671356201,,,,1,73.12588859349489
2022-06-30,fold_6,EUR crisis downturn,0.005486039910465479,1,0.0029757271986454725,1,0.0029757271986454725,0.27312803268432617,,,,1,29.757271986454725
2022-07-01,fold_6,EUR crisis downturn,-0.006415098439902067,-1,-0.0041735912673175335,-1,0.0041735912673175335,0.27844154834747314,,,,1,41.735912673175335
2022-07-05,fold_6,EUR crisis downturn,-0.01031251810491085,-1,-0.01682257279753685,-1,0.01682257279753685,0.29994821548461914,,,,1,168.2257279753685
2022-07-06,fold_6,EUR crisis downturn,-0.004063541069626808,-1,-0.006947201211005449,-1,0.006947201211005449,0.3089791536331177,,,,1,69.4720121100545
2022-07-07,fold_6,EUR crisis downturn,1.5844774679862894e-05,1,-0.0016271539498120546,-1,-0.0016271539498120546,0.30684924125671387,,,,0,-16.271539498120546
2022-07-08,fold_6,EUR crisis downturn,0.002478843554854393,1,-0.0003659561334643513,-1,-0.0003659561334643513,0.30637097358703613,,,,0,-3.659561334643513
2022-07-11,fold_6,EUR crisis downturn,-0.006478962954133749,-1,-0.01166516449302435,-1,0.01166516449302435,0.3216099739074707,,,,1,116.65164493024349
2022-07-12,fold_6,EUR crisis downturn,-0.0020786914974451065,-1,-0.0014347791438922286,-1,0.0014347791438922286,0.323506236076355,,,,1,14.347791438922286
2022-07-13,fold_6,EUR crisis downturn,0.001914503867737949,1,-4.015977538074367e-05,-1,-4.015977538074367e-05,0.32345306873321533,,,,0,-0.4015977538074367
2022-07-14,fold_6,EUR crisis downturn,-0.004960285499691963,-1,-0.0007017548778094351,-1,0.0007017548778094351,0.32438182830810547,,,,1,7.017548778094351
2022-07-15,fold_6,EUR crisis downturn,0.004555916413664818,1,0.007047208957374096,1,0.007047208957374096,0.33371496200561523,,,,1,70.47208957374096
2022-07-19,fold_6,EUR crisis downturn,0.007178748957812786,1,0.008491970598697662,1,0.008491970598697662,0.3450409173965454,,,,1,84.91970598697662
2022-07-20,fold_6,EUR crisis downturn,-0.0058034732937812805,-1,-0.004745147656649351,-1,0.004745147656649351,0.3514232635498047,,,,1,47.45147656649351
2022-07-21,fold_6,EUR crisis downturn,0.001920210663229227,1,0.00376132526434958,1,0.00376132526434958,0.35650634765625,,,,1,37.6132526434958
2022-07-22,fold_6,EUR crisis downturn,0.001020384137518704,1,-0.002039989223703742,-1,-0.002039989223703742,0.3537391424179077,,,,0,-20.39989223703742
2022-07-25,fold_6,EUR crisis downturn,0.002465873723849654,1,0.0024232829455286264,1,0.0024232829455286264,0.35701966285705566,,,,1,24.232829455286264
2022-07-26,fold_6,EUR crisis downturn,-0.006150675006210804,-1,-0.009329265914857388,-1,0.009329265914857388,0.36967968940734863,,,,1,93.29265914857388
2022-07-27,fold_6,EUR crisis downturn,0.006780743133276701,1,0.007871334441006184,1,0.007871334441006184,0.3804609775543213,,,,1,78.71334441006184
2022-07-28,fold_6,EUR crisis downturn,0.0003614964662119746,1,-0.0016614561900496483,-1,-0.0016614561900496483,0.37816739082336426,,,,0,-16.614561900496483
2022-07-29,fold_6,EUR crisis downturn,0.004696865100413561,1,0.001561881392262876,1,0.001561881392262876,0.3803199529647827,,,,1,15.61881392262876
2022-08-01,fold_6,EUR crisis downturn,0.0030849298927932978,1,0.005202550906687975,1,0.005202550906687975,0.3875011205673218,,,,1,52.02550906687975
2022-08-02,fold_6,EUR crisis downturn,-0.008113052695989609,-1,-0.010297809727489948,-1,0.010297809727489948,0.4017893075942993,,,,1,102.97809727489948
2022-08-03,fold_6,EUR crisis downturn,-0.0027765859849750996,-1,0.00019285830785520375,1,-0.00019285830785520375,0.40151894092559814,,,,0,-1.9285830785520375
2022-08-04,fold_6,EUR crisis downturn,0.005032829474657774,1,0.008874700404703617,1,0.008874700404703617,0.413956880569458,,,,1,88.74700404703617
2022-08-05,fold_6,EUR crisis downturn,-0.00835123285651207,-1,-0.007506103254854679,-1,0.007506103254854679,0.4245702028274536,,,,1,75.06103254854679
2022-08-08,fold_6,EUR crisis downturn,0.0012457073898985982,1,0.002630935749039054,1,0.002630935749039054,0.4283181428909302,,,,1,26.30935749039054
2022-08-09,fold_6,EUR crisis downturn,-0.001406865194439888,-1,0.001031049294397235,1,-0.001031049294397235,0.4268454313278198,,,,0,-10.31049294397235
2022-08-10,fold_6,EUR crisis downturn,0.0072236075066030025,1,0.00907498225569725,1,0.00907498225569725,0.4397939443588257,,,,1,90.7498225569725
2022-08-12,fold_6,EUR crisis downturn,-0.008174506947398186,-1,-0.005846230313181877,-1,0.005846230313181877,0.44821131229400635,,,,1,58.46230313181877
2022-08-15,fold_6,EUR crisis downturn,-0.006473288405686617,-1,-0.009206736460328102,-1,0.009206736460328102,0.46154463291168213,,,,1,92.06736460328102
2022-08-16,fold_6,EUR crisis downturn,0.002385187428444624,1,0.0008543621515855193,1,0.0008543621515855193,0.46279335021972656,,,,1,8.543621515855193
2022-08-17,fold_6,EUR crisis downturn,-0.0020926925353705883,-1,0.000936616794206202,1,-0.000936616794206202,0.46142327785491943,,,,0,-9.36616794206202
2022-08-18,fold_6,EUR crisis downturn,-0.006883605848997831,-1,-0.00886909943073988,-1,0.00886909943073988,0.4743846654891968,,,,1,88.6909943073988
2022-08-19,fold_6,EUR crisis downturn,-0.004649782087653875,-1,-0.005418936721980572,-1,0.005418936721980572,0.4823741912841797,,,,1,54.18936721980572
2022-08-22,fold_6,EUR crisis downturn,-0.006607367191463709,-1,-0.009541994892060757,-1,0.009541994892060757,0.49651896953582764,,,,1,95.41994892060757
2022-08-23,fold_6,EUR crisis downturn,0.006740733049809933,1,0.0027609101962298155,1,0.0027609101962298155,0.5006506443023682,,,,1,27.609101962298155
2022-08-24,fold_6,EUR crisis downturn,4.568221265799366e-05,1,0.00021929587819613516,1,0.00021929587819613516,0.5009797811508179,,,,1,2.1929587819613516
2022-08-25,fold_6,EUR crisis downturn,0.002621619263663888,1,0.00021942718012724072,1,0.00021942718012724072,0.5013091564178467,,,,1,2.194271801272407
2022-08-26,fold_6,EUR crisis downturn,-0.004869874566793442,-1,-0.0032698833383619785,-1,0.0032698833383619785,0.5062183141708374,,,,1,32.698833383619785
2022-08-29,fold_6,EUR crisis downturn,0.0016984224785119295,1,0.00758057227358222,1,0.00758057227358222,0.5176361799240112,,,,1,75.8057227358222
2022-08-30,fold_6,EUR crisis downturn,0.0016947778640314937,1,0.0011028088629245758,1,0.0011028088629245758,0.5193098783493042,,,,1,11.028088629245758
2022-08-31,fold_6,EUR crisis downturn,0.0028550426941365004,1,0.001395423780195415,1,0.001395423780195415,0.5214300155639648,,,,1,13.95423780195415
2022-09-01,fold_6,EUR crisis downturn,-0.005895865149796009,-1,-0.008638561703264713,-1,0.008638561703264713,0.5345730781555176,,,,1,86.38561703264713
2022-09-02,fold_6,EUR crisis downturn,0.003594540525227785,1,-0.004310653544962406,-1,-0.004310653544962406,0.5279580354690552,,,,0,-43.10653544962406
2022-09-06,fold_6,EUR crisis downturn,-0.008070789277553558,-1,-0.005453890655189753,-1,0.005453890655189753,0.5362914800643921,,,,1,54.538906551897526
2022-09-07,fold_6,EUR crisis downturn,0.0050816345028579235,1,0.009875823743641376,1,0.009875823743641376,0.5514636039733887,,,,1,98.75823743641376
2022-09-08,fold_6,EUR crisis downturn,0.0016897445311769843,1,0.0016320209251716733,1,0.0016320209251716733,0.5539956092834473,,,,1,16.320209251716733
2022-09-09,fold_6,EUR crisis downturn,0.006803000811487436,1,0.00593199860304594,1,0.00593199860304594,0.5632138252258301,,,,1,59.319986030459404
2022-09-12,fold_6,EUR crisis downturn,0.006417637225240469,1,0.005773918703198433,1,0.005773918703198433,0.5722396373748779,,,,1,57.73918703198433
2022-09-13,fold_6,EUR crisis downturn,-0.008494452573359013,-1,-0.014563821256160736,-1,0.014563821256160736,0.5951374769210815,,,,1,145.63821256160736
2022-09-14,fold_6,EUR crisis downturn,0.0041773878037929535,1,0.00019961698853876442,1,0.00019961698853876442,0.5954560041427612,,,,1,1.9961698853876442
2022-09-15,fold_6,EUR crisis downturn,-0.003188188886269927,-1,0.0004294819082133472,1,-0.0004294819082133472,0.5947707891464233,,,,0,-4.294819082133472
2022-09-16,fold_6,EUR crisis downturn,-0.000902836094610393,-1,0.0034075863659381866,1,-0.0034075863659381866,0.5893363952636719,,,,0,-34.07586365938187
2022-09-20,fold_6,EUR crisis downturn,-0.006601485423743725,-1,-0.005862889811396599,-1,0.005862889811396599,0.5986543893814087,,,,1,58.62889811396599
2022-09-21,fold_6,EUR crisis downturn,-0.005367727484554052,-1,-0.014048072509467602,-1,0.014048072509467602,0.6211124658584595,,,,1,140.48072509467602
2022-09-22,fold_6,EUR crisis downturn,-0.009112955071032047,-1,0.0011022116523236036,1,-0.0011022116523236036,0.6193256378173828,,,,0,-11.022116523236036
2022-09-26,fold_6,EUR crisis downturn,-0.0073144999332726,-1,-0.006832936313003302,-1,0.006832936313003302,0.6303904056549072,,,,1,68.32936313003302
2022-09-27,fold_6,EUR crisis downturn,0.0012570240069180727,1,-0.002859671600162983,-1,-0.002859671600162983,0.6257280111312866,,,,0,-28.59671600162983
2022-09-28,fold_6,EUR crisis downturn,0.007948653772473335,1,0.011669258587062359,1,0.011669258587062359,0.6446990966796875,,,,1,116.69258587062359
2022-09-29,fold_6,EUR crisis downturn,0.0018145983340218663,1,0.012503246776759624,1,0.012503246776759624,0.6652631759643555,,,,1,125.03246776759624
2025-04-08,fold_7,Recent mixed/upturn,0.0026349620893597603,1,0.005962451454252005,1,0.005962451454252005,0.005962491035461426,,,,1,59.624514542520046
2025-04-09,fold_7,Recent mixed/upturn,0.0013199654640629888,1,-0.0025847177021205425,-1,-0.0025847177021205425,0.003362417221069336,,,,0,-25.847177021205425
2025-04-10,fold_7,Recent mixed/upturn,0.004541468340903521,1,0.027919435873627663,1,0.027919435873627663,0.03137564659118652,,,,1,279.1943587362766
2025-04-11,fold_7,Recent mixed/upturn,0.005647946149110794,1,0.00757727911695838,1,0.00757727911695838,0.03919064998626709,,,,1,75.7727911695838
2025-04-14,fold_7,Recent mixed/upturn,0.0024195853620767593,1,-0.00030624307692050934,-1,-0.00030624307692050934,0.038872361183166504,,,,0,-3.0624307692050934
2025-04-15,fold_7,Recent mixed/upturn,-0.005628758110105991,-1,-0.00414437847211957,-1,0.00414437847211957,0.04317784309387207,,,,1,41.4437847211957
2025-04-16,fold_7,Recent mixed/upturn,0.00530780665576458,1,0.00922001339495182,1,0.00922001339495182,0.052796006202697754,,,,1,92.2001339495182
2025-04-17,fold_7,Recent mixed/upturn,0.0012440045829862356,1,0.01017727330327034,1,0.01017727330327034,0.06351053714752197,,,,1,101.7727330327034
2025-04-22,fold_7,Recent mixed/upturn,-0.006040595937520266,-1,-0.01403016597032547,-1,0.01403016597032547,0.07843184471130371,,,,1,140.3016597032547
2025-04-23,fold_7,Recent mixed/upturn,-0.005191025324165821,-1,-0.0021068835631012917,-1,0.0021068835631012917,0.0807039737701416,,,,1,21.068835631012917
2025-04-24,fold_7,Recent mixed/upturn,0.005887938197702169,1,0.003934726119041443,1,0.003934726119041443,0.08495628833770752,,,,1,39.34726119041443
2025-04-25,fold_7,Recent mixed/upturn,-0.003106810385361314,-1,-0.002529496792703867,-1,0.002529496792703867,0.0877007246017456,,,,1,25.29496792703867
2025-04-28,fold_7,Recent mixed/upturn,0.004601967521011829,1,0.005818618461489677,1,0.005818618461489677,0.09402966499328613,,,,1,58.186184614896774
2025-04-30,fold_7,Recent mixed/upturn,1.6912901628529653e-05,1,-0.005651242099702358,-1,-0.005651242099702358,0.08784699440002441,,,,0,-56.51242099702358
2025-05-01,fold_7,Recent mixed/upturn,-0.0046471115201711655,-1,-0.002507785800844431,-1,0.002507785800844431,0.09057509899139404,,,,1,25.07785800844431
2025-05-02,fold_7,Recent mixed/upturn,0.004746079910546541,1,0.0023665628395974636,1,0.0023665628395974636,0.09315598011016846,,,,1,23.665628395974636
2025-05-07,fold_7,Recent mixed/upturn,-0.003528821049258113,-1,-0.003222282975912094,-1,0.003222282975912094,0.09667837619781494,,,,1,32.22282975912094
2025-05-08,fold_7,Recent mixed/upturn,-0.005421677604317665,-1,-0.007250799797475338,-1,0.007250799797475338,0.10463011264801025,,,,1,72.50799797475338
2025-05-09,fold_7,Recent mixed/upturn,0.0027430448681116104,1,0.0004828175879083574,1,0.0004828175879083574,0.10516345500946045,,,,1,4.828175879083574
2025-05-12,fold_7,Recent mixed/upturn,-0.006756379269063473,-1,-0.011938820593059063,-1,0.011938820593059063,0.11835777759552002,,,,1,119.38820593059063
2025-05-13,fold_7,Recent mixed/upturn,0.007470392622053623,1,0.008109462447464466,1,0.008109462447464466,0.1274271011352539,,,,1,81.09462447464466
2025-05-14,fold_7,Recent mixed/upturn,-0.0026386298704892397,-1,-0.0003241990343667567,-1,0.0003241990343667567,0.12779271602630615,,,,1,3.2419903436675668
2025-05-15,fold_7,Recent mixed/upturn,0.0022986442781984806,1,0.0009625714155845344,1,0.0009625714155845344,0.12887835502624512,,,,1,9.625714155845344
2025-05-16,fold_7,Recent mixed/upturn,-0.0006361168925650418,-1,-0.0004587228177115321,-1,0.0004587228177115321,0.1293962001800537,,,,1,4.587228177115321
2025-05-19,fold_7,Recent mixed/upturn,0.006231362000107765,1,0.004100138321518898,1,0.004100138321518898,0.13402676582336426,,,,1,41.00138321518898
2025-05-20,fold_7,Recent mixed/upturn,0.0010319221764802933,1,0.004853827878832817,1,0.004853827878832817,0.13953113555908203,,,,1,48.53827878832817
2025-05-21,fold_7,Recent mixed/upturn,0.003814226947724819,1,0.003829962108284235,1,0.003829962108284235,0.14389550685882568,,,,1,38.29962108284235
2025-05-22,fold_7,Recent mixed/upturn,-0.0025803856551647186,-1,-0.004354733508080244,-1,0.004354733508080244,0.14887690544128418,,,,1,43.54733508080244
2025-05-23,fold_7,Recent mixed/upturn,0.005824668798595667,1,0.00806327536702156,1,0.00806327536702156,0.1581406593322754,,,,1,80.6327536702156
2025-05-27,fold_7,Recent mixed/upturn,-0.005407263059169054,-1,-0.004512133076786995,-1,0.004512133076786995,0.163366436958313,,,,1,45.12133076786995
2025-05-28,fold_7,Recent mixed/upturn,-0.004078167490661144,-1,-0.009121845476329327,-1,0.009121845476329327,0.17397856712341309,,,,1,91.21845476329327
2025-05-29,fold_7,Recent mixed/upturn,0.007575882598757744,1,0.012880357913672924,1,0.012880357913672924,0.18909978866577148,,,,1,128.80357913672924
2025-05-30,fold_7,Recent mixed/upturn,-0.00024390401085838675,-1,-0.002202543430030346,-1,0.002202543430030346,0.19171881675720215,,,,1,22.02543430030346
2025-06-02,fold_7,Recent mixed/upturn,0.006995047442615032,1,0.008819226175546646,1,0.008819226175546646,0.20222890377044678,,,,1,88.19226175546646
2025-06-03,fold_7,Recent mixed/upturn,-0.0052984170615673065,-1,-0.006022475194185972,-1,0.006022475194185972,0.20946931838989258,,,,1,60.22475194185972
2025-06-04,fold_7,Recent mixed/upturn,0.0036823477130383253,1,0.0033009489998221397,1,0.0033009489998221397,0.21346163749694824,,,,1,33.0094899982214
2025-06-05,fold_7,Recent mixed/upturn,0.00029128618189133704,1,0.0027832789346575737,1,0.0027832789346575737,0.21683907508850098,,,,1,27.832789346575737
2025-06-06,fold_7,Recent mixed/upturn,-0.005771085154265165,-1,-0.004015539772808552,-1,0.004015539772808552,0.22172534465789795,,,,1,40.15539772808552
2025-06-09,fold_7,Recent mixed/upturn,0.003102091373875737,1,0.001771340030245483,1,0.001771340030245483,0.22388947010040283,,,,1,17.71340030245483
2025-06-10,fold_7,Recent mixed/upturn,-0.0005515332450158894,-1,0.0008235503337346017,1,-0.0008235503337346017,0.22288155555725098,,,,0,-8.235503337346017
2025-06-11,fold_7,Recent mixed/upturn,0.005018535070121288,1,0.006284058094024658,1,0.006284058094024658,0.230566143989563,,,,1,62.84058094024658
2025-06-12,fold_7,Recent mixed/upturn,0.007170983124524355,1,0.007899755612015724,1,0.007899755612015724,0.24028730392456055,,,,1,78.99755612015724
2025-06-13,fold_7,Recent mixed/upturn,-0.0037087774835526943,-1,-0.003755935002118349,-1,0.003755935002118349,0.24494576454162598,,,,1,37.55935002118349
2025-06-16,fold_7,Recent mixed/upturn,0.0037260595709085464,1,-0.0004620169347617775,-1,-0.0004620169347617775,0.24437057971954346,,,,0,-4.620169347617775
2025-06-17,fold_7,Recent mixed/upturn,-0.005315347108989954,-1,-0.005948005244135857,-1,0.005948005244135857,0.25177204608917236,,,,1,59.480052441358566
2025-06-18,fold_7,Recent mixed/upturn,-0.0010055062593892217,-1,-0.0004476588510442525,-1,0.0004476588510442525,0.25233232975006104,,,,1,4.476588510442525
2025-06-20,fold_7,Recent mixed/upturn,0.0012461297446861863,1,-0.0010350376833230257,-1,-0.0010350376833230257,0.2510361671447754,,,,0,-10.350376833230257
2025-06-23,fold_7,Recent mixed/upturn,0.005066898185759783,1,0.008536921814084053,1,0.008536921814084053,0.2617161273956299,,,,1,85.36921814084053
2025-06-24,fold_7,Recent mixed/upturn,0.00545134674757719,1,0.0011379257775843143,1,0.0011379257775843143,0.2631518840789795,,,,1,11.379257775843143
2025-06-25,fold_7,Recent mixed/upturn,0.003871138673275709,1,0.006157340481877327,1,0.006157340481877327,0.27092957496643066,,,,1,61.57340481877327
2025-06-26,fold_7,Recent mixed/upturn,0.0048115006648004055,1,0.0007249234477058053,1,0.0007249234477058053,0.27185094356536865,,,,1,7.249234477058053
2025-06-27,fold_7,Recent mixed/upturn,-0.001600693678483367,-1,0.0030139251612126827,1,-0.0030139251612126827,0.26801764965057373,,,,0,-30.139251612126827
2025-06-30,fold_7,Recent mixed/upturn,0.005628263112157583,1,0.005092043429613113,1,0.005092043429613113,0.2744743824005127,,,,1,50.920434296131134
2025-07-01,fold_7,Recent mixed/upturn,0.00011473103222670034,1,0.0015583859058097005,1,0.0015583859058097005,0.27646052837371826,,,,1,15.583859058097005
2025-07-02,fold_7,Recent mixed/upturn,0.0023420588113367558,1,-0.00044844072544947267,-1,-0.00044844072544947267,0.2758880853652954,,,,0,-4.484407254494727
2025-07-03,fold_7,Recent mixed/upturn,-0.003737216116860509,-1,-0.0024366681464016438,-1,0.0024366681464016438,0.27899694442749023,,,,1,24.366681464016438
2025-07-07,fold_7,Recent mixed/upturn,-0.0032014078460633755,-1,-0.003755652578547597,-1,0.003755652578547597,0.28380048274993896,,,,1,37.55652578547597
2025-07-08,fold_7,Recent mixed/upturn,0.000845342583488673,1,-0.0010200783144682646,-1,-0.0010200783144682646,0.28249096870422363,,,,0,-10.200783144682646
2025-07-09,fold_7,Recent mixed/upturn,0.002001876709982753,1,0.000563176698051393,1,0.000563176698051393,0.28321313858032227,,,,1,5.63176698051393
2025-07-10,fold_7,Recent mixed/upturn,-0.0006100250757299364,-1,-0.002422562800347805,-1,0.002422562800347805,0.286321759223938,,,,1,24.22562800347805
2025-07-11,fold_7,Recent mixed/upturn,-0.0003139879263471812,-1,-0.0017639847937971354,-1,0.0017639847937971354,0.28859078884124756,,,,1,17.639847937971354
2025-07-14,fold_7,Recent mixed/upturn,-0.0016683657886460423,-1,-0.0013532100711017847,-1,0.0013532100711017847,0.2903345823287964,,,,1,13.532100711017847
2025-07-15,fold_7,Recent mixed/upturn,-0.0045101759023964405,-1,-0.005049251951277256,-1,0.005049251951277256,0.29684972763061523,,,,1,50.49251951277256
2025-07-16,fold_7,Recent mixed/upturn,0.0030401553958654404,1,0.002443466568365693,1,0.002443466568365693,0.3000185489654541,,,,1,24.43466568365693
2025-07-17,fold_7,Recent mixed/upturn,-0.00330391526222229,-1,-0.0017422791570425034,-1,0.0017422791570425034,0.30228352546691895,,,,1,17.422791570425034
2025-07-18,fold_7,Recent mixed/upturn,0.0030281716026365757,1,0.0013141727540642023,1,0.0013141727540642023,0.30399489402770996,,,,1,13.141727540642023
2025-07-22,fold_7,Recent mixed/upturn,0.003548796521499753,1,0.003815255593508482,1,0.003815255593508482,0.30896997451782227,,,,1,38.15255593508482
2025-07-23,fold_7,Recent mixed/upturn,0.002026570960879326,1,0.0029907028656452894,1,0.0029907028656452894,0.31288468837738037,,,,1,29.907028656452894
2025-07-24,fold_7,Recent mixed/upturn,-0.0012039903085678816,-1,-0.001540047349408269,-1,0.001540047349408269,0.31490659713745117,,,,1,15.40047349408269
2025-07-25,fold_7,Recent mixed/upturn,-0.0022608432918787003,-1,5.8711641031550243e-05,1,-5.8711641031550243e-05,0.31482934951782227,,,,0,-0.5871164103155024
2025-07-28,fold_7,Recent mixed/upturn,-0.00585327111184597,-1,-0.013614622876048088,-1,0.013614622876048088,0.3327302932739258,,,,1,136.14622876048088
2025-07-29,fold_7,Recent mixed/upturn,-0.002201500115916133,-1,-0.003950425889343023,-1,0.003950425889343023,0.33799517154693604,,,,1,39.50425889343023
2025-07-30,fold_7,Recent mixed/upturn,-0.005683713126927614,-1,-0.010526402853429317,-1,0.010526402853429317,0.35207951068878174,,,,1,105.26402853429317
2025-07-31,fold_7,Recent mixed/upturn,0.00018137235019821674,1,-0.0004912575823254883,-1,-0.0004912575823254883,0.3514152765274048,,,,0,-4.912575823254883
2025-08-01,fold_7,Recent mixed/upturn,0.006751425098627806,1,0.014263281598687172,1,0.014263281598687172,0.37069082260131836,,,,1,142.63281598687172
2025-08-04,fold_7,Recent mixed/upturn,-0.002506972523406148,-1,-0.00022017340234015137,-1,0.00022017340234015137,0.37099266052246094,,,,1,2.2017340234015137
2025-08-05,fold_7,Recent mixed/upturn,0.0009227179107256234,1,-0.0004284036112949252,-1,-0.0004284036112949252,0.37040531635284424,,,,0,-4.284036112949252
2025-08-06,fold_7,Recent mixed/upturn,0.005955519154667854,1,0.007254479452967644,1,0.007254479452967644,0.3803468942642212,,,,1,72.54479452967644
2025-08-07,fold_7,Recent mixed/upturn,-0.0029598104301840067,-1,0.0011559956474229693,1,-0.0011559956474229693,0.378751277923584,,,,0,-11.559956474229693
2025-08-08,fold_7,Recent mixed/upturn,0.0019491695566102862,1,-0.002457661321386695,-1,-0.002457661321386695,0.375362753868103,,,,0,-24.57661321386695
2025-08-12,fold_7,Recent mixed/upturn,0.004601164720952511,1,0.005044498015195131,1,0.005044498015195131,0.3823007345199585,,,,1,50.44498015195131
2025-08-13,fold_7,Recent mixed/upturn,0.0019210855243727565,1,0.003068778896704316,1,0.003068778896704316,0.38654279708862305,,,,1,30.68778896704316
2025-08-14,fold_7,Recent mixed/upturn,-0.005226101726293564,-1,-0.005254701245576143,-1,0.005254701245576143,0.39382874965667725,,,,1,52.54701245576143
2025-08-15,fold_7,Recent mixed/upturn,0.004078800790011883,1,0.004741219338029623,1,0.004741219338029623,0.4004371166229248,,,,1,47.41219338029623
2025-08-18,fold_7,Recent mixed/upturn,-0.002757997252047062,-1,-0.003267246065661311,-1,0.003267246065661311,0.40501272678375244,,,,1,32.67246065661311
2025-08-19,fold_7,Recent mixed/upturn,-0.0014705508947372437,-1,-0.002212071092799306,-1,0.002212071092799306,0.40812063217163086,,,,1,22.12071092799306
2025-08-20,fold_7,Recent mixed/upturn,0.0015467879129573703,1,0.0007923034718260169,1,0.0007923034718260169,0.40923619270324707,,,,1,7.923034718260169
2025-08-21,fold_7,Recent mixed/upturn,-0.00450103497132659,-1,-0.003321295604109764,-1,0.003321295604109764,0.4139167070388794,,,,1,33.21295604109764
2025-08-22,fold_7,Recent mixed/upturn,0.006692153867334127,1,0.008313816972076893,1,0.008313816972076893,0.42567169666290283,,,,1,83.13816972076893
2025-08-25,fold_7,Recent mixed/upturn,-0.006108120083808899,-1,-0.007784397341310978,-1,0.007784397341310978,0.43676960468292236,,,,1,77.84397341310978
2025-08-26,fold_7,Recent mixed/upturn,0.0017987947212532163,1,0.001804178929887712,1,0.001804178929887712,0.43936192989349365,,,,1,18.04178929887712
2025-08-27,fold_7,Recent mixed/upturn,0.00031254938221536577,1,0.0007338296854868531,1,0.0007338296854868531,0.4404182434082031,,,,1,7.338296854868531
2025-08-28,fold_7,Recent mixed/upturn,0.0038504854310303926,1,0.0028852694667875767,1,0.0028852694667875767,0.44457411766052246,,,,1,28.852694667875767
2025-08-29,fold_7,Recent mixed/upturn,-0.0001017955073621124,-1,0.0008769080741330981,1,-0.0008769080741330981,0.44330739974975586,,,,0,-8.769080741330981
2025-09-02,fold_7,Recent mixed/upturn,-0.005906586069613695,-1,-0.006818667519837618,-1,0.006818667519837618,0.45314884185791016,,,,1,68.18667519837618
2025-09-03,fold_7,Recent mixed/upturn,0.003043913748115301,1,0.0020988616161048412,1,0.0020988616161048412,0.45619893074035645,,,,1,20.988616161048412
2025-09-04,fold_7,Recent mixed/upturn,-0.0014622861053794622,-1,-0.0003031234664376825,-1,0.0003031234664376825,0.456640362739563,,,,1,3.031234664376825
2025-09-05,fold_7,Recent mixed/upturn,0.007255378644913435,1,0.004825879819691181,1,0.004825879819691181,0.46366989612579346,,,,1,48.25879819691181
2025-09-08,fold_7,Recent mixed/upturn,0.0026573510840535164,1,0.00477817514911294,1,0.00477817514911294,0.47066354751586914,,,,1,47.7817514911294
2025-09-09,fold_7,Recent mixed/upturn,-0.0039254105649888515,-1,-0.005640725139528513,-1,0.005640725139528513,0.47895920276641846,,,,1,56.40725139528513
2025-09-10,fold_7,Recent mixed/upturn,0.0010390348033979535,1,5.857199721504003e-05,1,5.857199721504003e-05,0.4790457487106323,,,,1,0.5857199721504003
2025-09-11,fold_7,Recent mixed/upturn,0.0026752185076475143,1,0.002675513969734311,1,0.002675513969734311,0.48300302028656006,,,,1,26.75513969734311
2025-09-12,fold_7,Recent mixed/upturn,9.901375597110018e-05,1,-0.000703588651958853,-1,-0.000703588651958853,0.48195958137512207,,,,0,-7.03588651958853
2025-09-16,fold_7,Recent mixed/upturn,0.005629872903227806,1,0.009152790531516075,1,0.009152790531516075,0.4955235719680786,,,,1,91.52790531516075
2025-09-17,fold_7,Recent mixed/upturn,-0.0025298160035163164,-1,-0.003796270117163658,-1,0.003796270117163658,0.5012009143829346,,,,1,37.96270117163658
2025-09-18,fold_7,Recent mixed/upturn,-0.004197014030069113,-1,-0.0029830695129930973,-1,0.0029830695129930973,0.5056791305541992,,,,1,29.830695129930973
2025-09-19,fold_7,Recent mixed/upturn,-0.0034411924425512552,-1,-0.004589194897562265,-1,0.004589194897562265,0.5125889778137207,,,,1,45.891948975622654
2025-09-22,fold_7,Recent mixed/upturn,0.004038387909531593,1,0.005463925655931234,1,0.005463925655931234,0.5208537578582764,,,,1,54.639256559312344
2025-09-24,fold_7,Recent mixed/upturn,-0.004482917487621307,-1,-0.005907559301704168,-1,0.005907559301704168,0.5298382043838501,,,,1,59.07559301704168
2025-09-25,fold_7,Recent mixed/upturn,-0.004978217650204897,-1,-0.006974319461733103,-1,0.006974319461733103,0.5405077934265137,,,,1,69.74319461733103
2025-09-26,fold_7,Recent mixed/upturn,0.0048758648335933685,1,0.0038988362066447735,1,0.0038988362066447735,0.5465140342712402,,,,1,38.988362066447735
2025-09-29,fold_7,Recent mixed/upturn,0.0021036374382674694,1,0.0019825738854706287,1,0.0019825738854706287,0.5495800971984863,,,,1,19.825738854706287
