date,pred_ret_1d,pred_ret_5d,logvar_1d,pred_direction,actual_ret_1d,actual_direction,correct,strategy_pnl,cumulative_pnl,cumulative_buy_hold
2025-12-01,0.001925,-0.009003,-0.872621,1,0.007796,1,1,0.007796,0.007796,0.007796
2025-12-02,0.001330,-0.018537,-0.850860,1,0.002441,1,1,0.002441,0.010236,0.010236
2025-12-03,-0.000687,-0.013549,-0.860023,-1,-0.000931,-1,1,0.000931,0.011167,0.009306
2025-12-04,-0.000621,-0.018252,-0.841009,-1,0.004069,1,0,-0.004069,0.007098,0.013375
2025-12-05,-0.000731,-0.010881,-0.851067,-1,-0.001920,-1,1,0.001920,0.009018,0.011455
2025-12-08,-0.000052,-0.010406,-0.844302,-1,0.001233,1,0,-0.001233,0.007786,0.012687
2025-12-09,0.001670,-0.005201,-0.832244,1,0.004087,1,1,0.004087,0.011873,0.016774
2025-12-10,-0.004787,-0.002940,-0.836757,-1,-0.003240,-1,1,0.003240,0.015113,0.013535
2025-12-11,-0.003014,0.000745,-0.850901,-1,-0.019303,-1,1,0.019303,0.034416,-0.005769
2025-12-12,-0.004530,0.022105,-0.777721,-1,-0.005032,-1,1,0.005032,0.039448,-0.010801
2025-12-15,0.001296,0.028067,-0.845520,1,0.001980,1,1,0.001980,0.041428,-0.008821
2025-12-16,-0.000045,0.013482,-0.716138,-1,-0.018711,-1,1,0.018711,0.060139,-0.027532
2025-12-17,0.008109,0.006414,-0.871693,1,0.014386,1,1,0.014386,0.074525,-0.013146
2025-12-18,-0.004259,-0.016723,-0.791072,-1,0.012951,1,0,-0.012951,0.061574,-0.000194
2025-12-19,0.006096,-0.011230,-0.795504,1,0.004782,1,1,0.004782,0.066356,0.004588
2025-12-22,0.001212,-0.010006,-0.835760,1,0.004672,1,1,0.004672,0.071029,0.009260
2025-12-23,-0.000390,-0.010642,-0.850667,-1,0.002921,1,0,-0.002921,0.068107,0.012181
2025-12-24,0.002589,-0.001843,-0.859170,1,-0.000064,-1,0,-0.000064,0.068043,0.012117
2025-12-26,0.003921,-0.003012,-0.865226,1,-0.004852,-1,0,-0.004852,0.063191,0.007265
2025-12-29,0.001603,0.002354,-0.852087,1,-0.002322,-1,0,-0.002322,0.060869,0.004943
2025-12-30,0.009242,0.003771,-0.813639,1,-0.008300,-1,0,-0.008300,0.052569,-0.003357
2025-12-31,0.001880,0.009654,-0.764390,1,-0.001939,-1,0,-0.001939,0.050630,-0.005296
2026-01-02,0.000786,0.006407,-0.781695,1,0.007912,1,1,0.007912,0.058541,0.002615
2026-01-05,0.000403,0.006156,-0.865295,1,0.008748,1,1,0.008748,0.067289,0.011364
2026-01-06,-0.001168,0.011903,-0.874411,-1,0.000962,1,0,-0.000962,0.066327,0.012326
2026-01-07,-0.007130,0.010658,-0.863006,-1,-0.005705,-1,1,0.005705,0.072033,0.006620
2026-01-08,-0.001889,0.007814,-0.860334,-1,0.009911,1,0,-0.009911,0.062122,0.016531
2026-01-09,0.000153,-0.001569,-0.862634,1,0.000829,1,1,0.000829,0.062951,0.017361
2026-01-12,-0.001704,0.005338,-0.867515,-1,-0.001484,-1,1,0.001484,0.064435,0.015877
2026-01-13,-0.005149,0.008330,-0.854002,-1,-0.010740,-1,1,0.010740,0.075175,0.005137
2026-01-14,0.004786,0.003562,-0.873305,1,0.003593,1,1,0.003593,0.078768,0.008729
2026-01-15,0.007166,0.005352,-0.858460,1,-0.000837,-1,0,-0.000837,0.077932,0.007893
2026-01-16,-0.006571,0.000342,-0.797504,-1,-0.021476,-1,1,0.021476,0.099408,-0.013583
2026-01-20,0.000378,-0.005407,-0.701194,1,0.013428,1,1,0.013428,0.112836,-0.000155
2026-01-21,0.002214,0.011385,-0.731738,1,0.007243,1,1,0.007243,0.120079,0.007088
2026-01-22,-0.005499,0.018443,-0.778589,-1,0.003152,1,0,-0.003152,0.116926,0.010240
2026-01-23,-0.005555,0.019898,-0.819173,-1,0.004390,1,0,-0.004390,0.112536,0.014631
2026-01-26,0.000426,0.016381,-0.834408,1,0.009024,1,1,0.009024,0.121560,0.023655
2026-01-27,-0.000423,0.002215,-0.864083,-1,0.003306,1,0,-0.003306,0.118254,0.026961
2026-01-28,0.003318,0.001521,-0.846064,1,-0.006003,-1,0,-0.006003,0.112251,0.020958
2026-01-29,0.000756,-0.003001,-0.827701,1,-0.012084,-1,0,-0.012084,0.100168,0.008874
2026-01-30,-0.012259,-0.005508,-0.734143,-1,0.006843,1,0,-0.006843,0.093325,0.015717
2026-02-02,0.002238,0.012229,-0.904077,1,-0.015483,-1,0,-0.015483,0.077841,0.000234
2026-02-03,-0.009806,-0.016893,-0.776317,-1,-0.017623,-1,1,0.017623,0.095465,-0.017389
2026-02-04,0.004779,0.007109,-0.895941,1,-0.014500,-1,0,-0.014500,0.080965,-0.031889
2026-02-05,0.011725,0.020683,-0.869453,1,0.020918,1,1,0.020918,0.101882,-0.010972
2026-02-06,0.002824,0.014925,-0.906962,1,0.007631,1,1,0.007631,0.109513,-0.003341
2026-02-09,-0.001911,0.013759,-0.906357,-1,-0.004650,-1,1,0.004650,0.114163,-0.007991
2026-02-10,0.002829,0.043325,-0.808790,1,0.002678,1,1,0.002678,0.116842,-0.005313
2026-02-11,-0.001495,0.020464,-0.853789,-1,-0.020549,-1,1,0.020549,0.137391,-0.025861
2026-02-12,-0.002620,0.033972,-0.747735,-1,0.002129,1,0,-0.002129,0.135262,-0.023732
2026-02-13,-0.018070,0.013444,-0.802175,-1,-0.001031,-1,1,0.001031,0.136292,-0.024763
2026-02-17,-0.016220,-0.001398,-0.845227,-1,0.007439,1,0,-0.007439,0.128853,-0.017324
2026-02-18,-0.021616,-0.007567,-0.863102,-1,-0.003837,-1,1,0.003837,0.132690,-0.021161
2026-02-19,-0.030957,-0.015079,-0.863286,-1,0.008810,1,0,-0.008810,0.123880,-0.012351
2026-02-20,-0.010537,-0.012586,-0.789152,-1,-0.012229,-1,1,0.012229,0.136109,-0.024580
2026-02-23,-0.002566,0.006085,-0.941565,-1,0.010684,1,0,-0.010684,0.125425,-0.013896
2026-02-24,-0.013563,-0.015813,-0.837063,-1,0.014389,1,0,-0.014389,0.111036,0.000493
2026-02-25,-0.006903,-0.003586,-0.867902,-1,-0.012138,-1,1,0.012138,0.123174,-0.011645
2026-02-26,-0.001942,-0.003122,-0.874092,-1,-0.003206,-1,1,0.003206,0.126380,-0.014850
2026-02-27,-0.015954,-0.002384,-0.912163,-1,0.001316,1,0,-0.001316,0.125063,-0.013534
2026-03-02,-0.024755,-0.009081,-0.756336,-1,-0.010763,-1,1,0.010763,0.135827,-0.024297
2026-03-03,-0.006243,-0.017840,-0.841771,-1,0.015128,1,0,-0.015128,0.120699,-0.009169
2026-03-04,-0.014055,-0.023054,-0.865354,-1,-0.003017,-1,1,0.003017,0.123716,-0.012187
2026-03-05,-0.011362,-0.009572,-0.852247,-1,-0.015158,-1,1,0.015158,0.138873,-0.027344
2026-03-06,-0.007969,-0.007559,-0.873005,-1,0.013267,1,0,-0.013267,0.125606,-0.014077
2026-03-09,-0.002341,-0.009871,-0.842627,-1,0.000016,1,0,-0.000016,0.125590,-0.014060
2026-03-10,0.005738,-0.005251,-0.855595,1,-0.000132,-1,0,-0.000132,0.125458,-0.014192
2026-03-11,0.005380,-0.012937,-0.804637,1,-0.017312,-1,0,-0.017312,0.108146,-0.031504
2026-03-12,0.012061,-0.011299,-0.792588,1,-0.005945,-1,0,-0.005945,0.102201,-0.037449
2026-03-13,-0.001382,-0.046092,-0.755827,-1,0.011155,1,0,-0.011155,0.091046,-0.026294
2026-03-16,-0.007388,-0.037226,-0.745637,-1,0.004868,1,0,-0.004868,0.086178,-0.021426
2026-03-17,-0.007678,-0.062442,-0.795946,-1,-0.014038,-1,1,0.014038,0.100215,-0.035463
2026-03-18,0.003337,-0.033701,-0.845091,1,-0.003165,-1,0,-0.003165,0.097050,-0.038629
2026-03-19,-0.007026,-0.022769,-0.792041,-1,-0.018655,-1,1,0.018655,0.115705,-0.057283
2026-03-20,-0.001980,-0.008202,-0.850259,-1,0.011414,1,0,-0.011414,0.104291,-0.045870
2026-03-23,-0.001645,-0.000255,-0.809116,-1,-0.006860,-1,1,0.006860,0.111151,-0.052730
2026-03-24,-0.003782,-0.003821,-0.824979,-1,0.006554,1,0,-0.006554,0.104597,-0.046176
2026-03-25,-0.004364,0.020606,-0.810971,-1,-0.024157,-1,1,0.024157,0.128755,-0.070333
2026-03-26,-0.002243,0.017229,-0.831152,-1,-0.019730,-1,1,0.019730,0.148485,-0.090063
2026-03-27,0.004625,-0.006698,-0.907732,1,-0.007673,-1,0,-0.007673,0.140812,-0.097736
2026-03-30,0.010982,-0.005143,-0.904516,1,0.033293,1,1,0.033293,0.174105,-0.064443
2026-03-31,-0.005910,-0.012481,-0.807963,-1,0.012277,1,0,-0.012277,0.161828,-0.052165
2026-04-01,0.006157,-0.014827,-0.771466,1,0.001146,1,1,0.001146,0.162974,-0.051019
2026-04-02,-0.000579,-0.012947,-0.905567,-1,0.005999,1,0,-0.005999,0.156975,-0.045020
2026-04-06,0.000850,0.010292,-0.921912,1,0.000153,1,1,0.000153,0.157128,-0.044867
2026-04-07,0.002892,0.006375,-0.901980,1,0.029299,1,1,0.029299,0.186426,-0.015568
2026-04-08,0.003460,0.024119,-0.889080,1,0.006742,1,1,0.006742,0.193168,-0.008826
2026-04-09,0.004372,0.029827,-0.884643,1,0.001441,1,1,0.001441,0.194609,-0.007385
2026-04-10,0.006027,0.032784,-0.874420,1,0.010289,1,1,0.010289,0.204899,0.002904
2026-04-13,0.008407,0.020682,-0.870335,1,0.017994,1,1,0.017994,0.222893,0.020898
2026-04-14,0.010212,0.018060,-0.863924,1,0.013902,1,1,0.013902,0.236795,0.034801
2026-04-15,0.005087,0.004670,-0.871636,1,0.004805,1,1,0.004805,0.241600,0.039605
2026-04-16,0.003206,-0.004613,-0.866502,1,0.012999,1,1,0.012999,0.254599,0.052605
2026-04-17,0.002631,0.006363,-0.846855,1,-0.003180,-1,0,-0.003180,0.251419,0.049425
2026-04-20,0.000289,0.008238,-0.859675,1,-0.003811,-1,0,-0.003811,0.247609,0.045614
2026-04-21,0.003278,0.007477,-0.862325,1,0.016592,1,1,0.016592,0.264201,0.062206
2026-04-22,0.003506,-0.003202,-0.848486,1,-0.005649,-1,0,-0.005649,0.258552,0.056558
2026-04-23,0.002783,0.006802,-0.845456,1,,0,0,,0.258552,0.056558
2026-04-24,0.004916,-0.014725,-0.826133,1,,0,0,,0.258552,0.056558
2026-04-27,0.005147,-0.016095,-0.835197,1,,0,0,,0.258552,0.056558
2026-04-28,0.009251,-0.001801,-0.828161,1,,0,0,,0.258552,0.056558
2026-04-29,0.011887,-0.007049,-0.842987,1,,0,0,,0.258552,0.056558
