index,fold,regime,prediction,actual,confidence,aleatoric,epistemic,correct
1,0,stratified-0,0.0,0.0,0.9229201078414917,0.0,0.0,1
8,0,stratified-0,0.0,0.0,0.9037652015686035,0.0,0.0,1
10,0,stratified-0,0.0,0.0,0.7969093918800354,0.0,0.0,1
17,0,stratified-0,0.0,0.0,0.9539039134979248,0.0,0.0,1
28,0,stratified-0,0.0,0.0,0.9539039134979248,0.0,0.0,1
30,0,stratified-0,0.0,0.0,0.9539039134979248,0.0,0.0,1
33,0,stratified-0,0.0,0.0,0.9539039134979248,0.0,0.0,1
34,0,stratified-0,0.0,0.0,0.9527679681777954,0.0,0.0,1
40,0,stratified-0,1.0,0.0,0.964103102684021,0.0,0.0,0
46,0,stratified-0,1.0,1.0,0.971593976020813,0.0,0.0,1
49,0,stratified-0,1.0,1.0,0.9552417993545532,0.0,0.0,1
53,0,stratified-0,0.0,0.0,0.9373913407325745,0.0,0.0,1
55,0,stratified-0,1.0,1.0,0.971593976020813,0.0,0.0,1
57,0,stratified-0,0.0,0.0,0.9431107640266418,0.0,0.0,1
64,0,stratified-0,0.0,0.0,0.940517783164978,0.0,0.0,1
66,0,stratified-0,1.0,1.0,0.9658604860305786,0.0,0.0,1
68,0,stratified-0,1.0,1.0,0.31852924823760986,0.0,0.0,1
70,0,stratified-0,0.0,0.0,0.9489700198173523,0.0,0.0,1
71,0,stratified-0,1.0,1.0,0.9591658115386963,0.0,0.0,1
75,0,stratified-0,0.0,0.0,0.9520344138145447,0.0,0.0,1
78,0,stratified-0,0.0,0.0,0.9539039134979248,0.0,0.0,1
80,0,stratified-0,1.0,1.0,0.959632396697998,0.0,0.0,1
82,0,stratified-0,0.0,0.0,0.9502800703048706,0.0,0.0,1
83,0,stratified-0,0.0,0.0,0.9455065727233887,0.0,0.0,1
84,0,stratified-0,1.0,1.0,0.9706792831420898,0.0,0.0,1
85,0,stratified-0,0.0,0.0,0.9539039134979248,0.0,0.0,1
88,0,stratified-0,1.0,1.0,0.9640580415725708,0.0,0.0,1
91,0,stratified-0,0.0,0.0,0.2760864496231079,0.0,0.0,1
93,0,stratified-0,1.0,1.0,0.9657907485961914,0.0,0.0,1
94,0,stratified-0,0.0,0.0,0.9539039134979248,0.0,0.0,1
99,0,stratified-0,0.0,0.0,0.5646814703941345,0.0,0.0,1
102,0,stratified-0,1.0,1.0,0.9706910848617554,0.0,0.0,1
108,0,stratified-0,0.0,0.0,0.9539039134979248,0.0,0.0,1
109,0,stratified-0,1.0,1.0,0.9457204341888428,0.0,0.0,1
110,0,stratified-0,1.0,1.0,0.9707053899765015,0.0,0.0,1
114,0,stratified-0,1.0,1.0,0.9440538883209229,0.0,0.0,1
117,0,stratified-0,0.0,0.0,0.9526830315589905,0.0,0.0,1
118,0,stratified-0,0.0,0.0,0.9539039134979248,0.0,0.0,1
119,0,stratified-0,0.0,0.0,0.9149943590164185,0.0,0.0,1
123,0,stratified-0,1.0,1.0,0.9273151159286499,0.0,0.0,1
124,0,stratified-0,1.0,1.0,0.9536316394805908,0.0,0.0,1
126,0,stratified-0,0.0,0.0,0.004647493362426758,0.0,0.0,1
130,0,stratified-0,1.0,1.0,0.971593976020813,0.0,0.0,1
131,0,stratified-0,0.0,0.0,0.9539039134979248,0.0,0.0,1
134,0,stratified-0,0.0,0.0,0.9459699988365173,0.0,0.0,1
139,0,stratified-0,1.0,1.0,0.956181526184082,0.0,0.0,1
147,0,stratified-0,1.0,1.0,0.8344564437866211,0.0,0.0,1
148,0,stratified-0,0.0,1.0,0.3452698588371277,0.0,0.0,0
151,0,stratified-0,1.0,1.0,0.9368815422058105,0.0,0.0,1
153,0,stratified-0,1.0,1.0,0.971593976020813,0.0,0.0,1
155,0,stratified-0,1.0,1.0,0.971593976020813,0.0,0.0,1
157,0,stratified-0,0.0,1.0,0.8045294284820557,0.0,0.0,0
159,0,stratified-0,1.0,1.0,0.971593976020813,0.0,0.0,1
160,0,stratified-0,1.0,1.0,0.9343159198760986,0.0,0.0,1
163,0,stratified-0,1.0,1.0,0.9577784538269043,0.0,0.0,1
167,0,stratified-0,0.0,0.0,0.9345930814743042,0.0,0.0,1
168,0,stratified-0,0.0,0.0,0.9502800703048706,0.0,0.0,1
170,0,stratified-0,1.0,1.0,0.971593976020813,0.0,0.0,1
173,0,stratified-0,1.0,1.0,0.9657667875289917,0.0,0.0,1
177,0,stratified-0,0.0,0.0,0.9527679681777954,0.0,0.0,1
179,0,stratified-0,1.0,1.0,0.9474459886550903,0.0,0.0,1
180,0,stratified-0,0.0,0.0,0.9539039134979248,0.0,0.0,1
185,0,stratified-0,1.0,1.0,0.9671576023101807,0.0,0.0,1
189,0,stratified-0,1.0,1.0,0.9685177803039551,0.0,0.0,1
190,0,stratified-0,0.0,0.0,0.8581058979034424,0.0,0.0,1
193,0,stratified-0,0.0,0.0,0.0539860725402832,0.0,0.0,1
194,0,stratified-0,0.0,0.0,0.8798511028289795,0.0,0.0,1
198,0,stratified-0,0.0,0.0,0.9375779032707214,0.0,0.0,1
199,0,stratified-0,0.0,0.0,0.9466577172279358,0.0,0.0,1
209,0,stratified-0,0.0,1.0,0.29886865615844727,0.0,0.0,0
213,0,stratified-0,0.0,0.0,0.9339414238929749,0.0,0.0,1
216,0,stratified-0,1.0,1.0,0.9634274244308472,0.0,0.0,1
217,0,stratified-0,1.0,1.0,0.971593976020813,0.0,0.0,1
220,0,stratified-0,1.0,1.0,0.9685484170913696,0.0,0.0,1
221,0,stratified-0,1.0,1.0,0.9690514802932739,0.0,0.0,1
223,0,stratified-0,0.0,0.0,0.9527679681777954,0.0,0.0,1
224,0,stratified-0,1.0,1.0,0.9686810970306396,0.0,0.0,1
227,0,stratified-0,1.0,1.0,0.6996878385543823,0.0,0.0,1
230,0,stratified-0,0.0,0.0,0.95088130235672,0.0,0.0,1
239,0,stratified-0,0.0,0.0,0.9539039134979248,0.0,0.0,1
242,0,stratified-0,1.0,1.0,0.9545276165008545,0.0,0.0,1
245,0,stratified-0,1.0,1.0,0.9680113792419434,0.0,0.0,1
250,0,stratified-0,0.0,0.0,0.9524849653244019,0.0,0.0,1
252,0,stratified-0,0.0,0.0,0.9539039134979248,0.0,0.0,1
253,0,stratified-0,0.0,0.0,0.95088130235672,0.0,0.0,1
254,0,stratified-0,0.0,0.0,0.9539039134979248,0.0,0.0,1
257,0,stratified-0,0.0,0.0,0.9382614493370056,0.0,0.0,1
263,0,stratified-0,0.0,0.0,0.6719170808792114,0.0,0.0,1
264,0,stratified-0,0.0,0.0,0.9539039134979248,0.0,0.0,1
266,0,stratified-0,1.0,1.0,0.9662433862686157,0.0,0.0,1
270,0,stratified-0,1.0,1.0,0.9544812440872192,0.0,0.0,1
286,0,stratified-0,1.0,1.0,0.9667881727218628,0.0,0.0,1
288,0,stratified-0,1.0,1.0,0.94968581199646,0.0,0.0,1
292,0,stratified-0,1.0,1.0,0.971593976020813,0.0,0.0,1
297,0,stratified-0,1.0,0.0,0.9187910556793213,0.0,0.0,0
298,0,stratified-0,1.0,1.0,0.940689206123352,0.0,0.0,1
301,0,stratified-0,1.0,1.0,0.971593976020813,0.0,0.0,1
303,0,stratified-0,1.0,1.0,0.971593976020813,0.0,0.0,1
306,0,stratified-0,1.0,1.0,0.9694274663925171,0.0,0.0,1
307,0,stratified-0,1.0,1.0,0.9639309644699097,0.0,0.0,1
309,0,stratified-0,1.0,1.0,0.9642478227615356,0.0,0.0,1
317,0,stratified-0,0.0,0.0,0.9539039134979248,0.0,0.0,1
318,0,stratified-0,1.0,1.0,0.9417873620986938,0.0,0.0,1
319,0,stratified-0,1.0,1.0,0.9464766979217529,0.0,0.0,1
321,0,stratified-0,0.0,0.0,0.9263048768043518,0.0,0.0,1
323,0,stratified-0,0.0,0.0,0.9539039134979248,0.0,0.0,1
324,0,stratified-0,1.0,1.0,0.971593976020813,0.0,0.0,1
328,0,stratified-0,0.0,0.0,0.9539039134979248,0.0,0.0,1
332,0,stratified-0,1.0,1.0,0.971593976020813,0.0,0.0,1
333,0,stratified-0,1.0,1.0,0.971593976020813,0.0,0.0,1
334,0,stratified-0,1.0,1.0,0.971593976020813,0.0,0.0,1
335,0,stratified-0,0.0,0.0,0.9520344138145447,0.0,0.0,1
338,0,stratified-0,1.0,1.0,0.971593976020813,0.0,0.0,1
340,0,stratified-0,1.0,1.0,0.37437403202056885,0.0,0.0,1
342,0,stratified-0,1.0,1.0,0.9706792831420898,0.0,0.0,1
344,0,stratified-0,1.0,1.0,0.9689654111862183,0.0,0.0,1
349,0,stratified-0,1.0,1.0,0.9689654111862183,0.0,0.0,1
351,0,stratified-0,0.0,0.0,0.9464722871780396,0.0,0.0,1
352,0,stratified-0,0.0,0.0,0.9471182227134705,0.0,0.0,1
354,0,stratified-0,1.0,1.0,0.9677786827087402,0.0,0.0,1
355,0,stratified-0,1.0,1.0,0.9546178579330444,0.0,0.0,1
356,0,stratified-0,1.0,1.0,0.9369205236434937,0.0,0.0,1
357,0,stratified-0,1.0,1.0,0.9686810970306396,0.0,0.0,1
363,0,stratified-0,0.0,1.0,0.7432651519775391,0.0,0.0,0
365,0,stratified-0,0.0,0.0,0.9520344138145447,0.0,0.0,1
369,0,stratified-0,0.0,0.0,0.9524849653244019,0.0,0.0,1
370,0,stratified-0,0.0,0.0,0.9539039134979248,0.0,0.0,1
384,0,stratified-0,1.0,1.0,0.9691131114959717,0.0,0.0,1
385,0,stratified-0,1.0,0.0,0.8695347309112549,0.0,0.0,0
387,0,stratified-0,1.0,1.0,0.9657853841781616,0.0,0.0,1
388,0,stratified-0,1.0,1.0,0.9495152235031128,0.0,0.0,1
390,0,stratified-0,1.0,1.0,0.9706380367279053,0.0,0.0,1
397,0,stratified-0,1.0,1.0,0.967562198638916,0.0,0.0,1
399,0,stratified-0,1.0,1.0,0.971593976020813,0.0,0.0,1
400,0,stratified-0,0.0,0.0,0.9539039134979248,0.0,0.0,1
404,0,stratified-0,1.0,1.0,0.9670445919036865,0.0,0.0,1
405,0,stratified-0,1.0,1.0,0.9701145887374878,0.0,0.0,1
406,0,stratified-0,0.0,1.0,0.6842132210731506,0.0,0.0,0
410,0,stratified-0,1.0,1.0,0.9670014381408691,0.0,0.0,1
413,0,stratified-0,1.0,1.0,0.786481499671936,0.0,0.0,1
415,0,stratified-0,1.0,1.0,0.9681607484817505,0.0,0.0,1
416,0,stratified-0,1.0,1.0,0.9506587982177734,0.0,0.0,1
419,0,stratified-0,1.0,1.0,0.9594742059707642,0.0,0.0,1
421,0,stratified-0,1.0,1.0,0.020966649055480957,0.0,0.0,1
427,0,stratified-0,1.0,1.0,0.9674078226089478,0.0,0.0,1
428,0,stratified-0,1.0,1.0,0.9703787565231323,0.0,0.0,1
432,0,stratified-0,0.0,0.0,0.9539039134979248,0.0,0.0,1
439,0,stratified-0,1.0,1.0,0.9572869539260864,0.0,0.0,1
445,0,stratified-0,1.0,1.0,0.9506292343139648,0.0,0.0,1
447,0,stratified-0,1.0,1.0,0.9410707950592041,0.0,0.0,1
450,0,stratified-0,1.0,1.0,0.957413911819458,0.0,0.0,1
454,0,stratified-0,1.0,1.0,0.971593976020813,0.0,0.0,1
462,0,stratified-0,1.0,1.0,0.9522515535354614,0.0,0.0,1
463,0,stratified-0,1.0,1.0,0.971593976020813,0.0,0.0,1
464,0,stratified-0,1.0,1.0,0.9625941514968872,0.0,0.0,1
466,0,stratified-0,1.0,1.0,0.9479072093963623,0.0,0.0,1
467,0,stratified-0,1.0,1.0,0.971593976020813,0.0,0.0,1
469,0,stratified-0,1.0,1.0,0.6467928886413574,0.0,0.0,1
470,0,stratified-0,1.0,1.0,0.971593976020813,0.0,0.0,1
472,0,stratified-0,1.0,1.0,0.5574434995651245,0.0,0.0,1
475,0,stratified-0,1.0,1.0,0.9616706371307373,0.0,0.0,1
476,0,stratified-0,1.0,1.0,0.7050470113754272,0.0,0.0,1
477,0,stratified-0,1.0,1.0,0.9626572132110596,0.0,0.0,1
479,0,stratified-0,0.0,0.0,0.94135582447052,0.0,0.0,1
483,0,stratified-0,1.0,1.0,0.9664300680160522,0.0,0.0,1
484,0,stratified-0,0.0,1.0,0.6256595849990845,0.0,0.0,0
490,0,stratified-0,1.0,1.0,0.9674078226089478,0.0,0.0,1
491,0,stratified-0,0.0,1.0,0.6777106523513794,0.0,0.0,0
501,0,stratified-0,0.0,0.0,0.7076873779296875,0.0,0.0,1
504,0,stratified-0,1.0,1.0,0.8843026161193848,0.0,0.0,1
506,0,stratified-0,1.0,1.0,0.9183031320571899,0.0,0.0,1
509,0,stratified-0,0.0,0.0,0.947999894618988,0.0,0.0,1
516,0,stratified-0,0.0,0.0,0.9539039134979248,0.0,0.0,1
520,0,stratified-0,1.0,1.0,0.9197373390197754,0.0,0.0,1
521,0,stratified-0,0.0,0.0,0.9539039134979248,0.0,0.0,1
526,0,stratified-0,1.0,1.0,0.7309951782226562,0.0,0.0,1
530,0,stratified-0,1.0,1.0,0.9661160707473755,0.0,0.0,1
531,0,stratified-0,1.0,1.0,0.966580867767334,0.0,0.0,1
533,0,stratified-0,0.0,0.0,0.9524849653244019,0.0,0.0,1
534,0,stratified-0,1.0,1.0,0.971593976020813,0.0,0.0,1
535,0,stratified-0,0.0,0.0,0.9524849653244019,0.0,0.0,1
537,0,stratified-0,1.0,1.0,0.8470433950424194,0.0,0.0,1
546,0,stratified-0,1.0,1.0,0.971593976020813,0.0,0.0,1
548,0,stratified-0,1.0,1.0,0.971593976020813,0.0,0.0,1
549,0,stratified-0,1.0,1.0,0.9557676315307617,0.0,0.0,1
550,0,stratified-0,1.0,1.0,0.9673870801925659,0.0,0.0,1
557,0,stratified-0,1.0,1.0,0.9495117664337158,0.0,0.0,1
559,0,stratified-0,1.0,1.0,0.9412634372711182,0.0,0.0,1
563,0,stratified-0,0.0,0.0,0.9539039134979248,0.0,0.0,1
566,0,stratified-0,0.0,0.0,0.9225192666053772,0.0,0.0,1
2,1,stratified-1,0.0,0.0,0.896693229675293,0.0,0.0,1
5,1,stratified-1,0.0,0.0,0.04001039266586304,0.0,0.0,1
6,1,stratified-1,0.0,0.0,0.8934215307235718,0.0,0.0,1
7,1,stratified-1,0.0,0.0,0.8216158747673035,0.0,0.0,1
9,1,stratified-1,0.0,0.0,0.03522771596908569,0.0,0.0,1
13,1,stratified-1,0.0,0.0,0.040257275104522705,0.0,0.0,1
14,1,stratified-1,0.0,0.0,0.6318947076797485,0.0,0.0,1
16,1,stratified-1,0.0,0.0,0.8698544502258301,0.0,0.0,1
19,1,stratified-1,1.0,1.0,0.915746808052063,0.0,0.0,1
20,1,stratified-1,1.0,1.0,0.9357728958129883,0.0,0.0,1
31,1,stratified-1,0.0,0.0,0.8938865661621094,0.0,0.0,1
32,1,stratified-1,0.0,0.0,0.896693229675293,0.0,0.0,1
35,1,stratified-1,0.0,0.0,0.896693229675293,0.0,0.0,1
36,1,stratified-1,0.0,0.0,0.7436907291412354,0.0,0.0,1
38,1,stratified-1,1.0,0.0,0.9122692346572876,0.0,0.0,0
42,1,stratified-1,0.0,0.0,0.896693229675293,0.0,0.0,1
44,1,stratified-1,1.0,0.0,0.3706010580062866,0.0,0.0,0
47,1,stratified-1,1.0,0.0,0.11157524585723877,0.0,0.0,0
50,1,stratified-1,1.0,1.0,0.9336333274841309,0.0,0.0,1
54,1,stratified-1,0.0,0.0,0.6367793083190918,0.0,0.0,1
56,1,stratified-1,0.0,0.0,0.896693229675293,0.0,0.0,1
59,1,stratified-1,1.0,1.0,0.9295387268066406,0.0,0.0,1
61,1,stratified-1,1.0,1.0,0.9241045713424683,0.0,0.0,1
62,1,stratified-1,0.0,0.0,0.8902243971824646,0.0,0.0,1
63,1,stratified-1,1.0,1.0,0.9212194681167603,0.0,0.0,1
65,1,stratified-1,0.0,0.0,0.7894101142883301,0.0,0.0,1
67,1,stratified-1,1.0,1.0,0.9336333274841309,0.0,0.0,1
69,1,stratified-1,1.0,1.0,0.9357728958129883,0.0,0.0,1
72,1,stratified-1,0.0,0.0,0.896693229675293,0.0,0.0,1
74,1,stratified-1,1.0,1.0,0.9357728958129883,0.0,0.0,1
77,1,stratified-1,0.0,0.0,0.748130202293396,0.0,0.0,1
89,1,stratified-1,1.0,1.0,0.49105656147003174,0.0,0.0,1
92,1,stratified-1,1.0,1.0,0.9055646657943726,0.0,0.0,1
95,1,stratified-1,0.0,0.0,0.896693229675293,0.0,0.0,1
96,1,stratified-1,1.0,1.0,0.9357728958129883,0.0,0.0,1
97,1,stratified-1,1.0,1.0,0.9357728958129883,0.0,0.0,1
98,1,stratified-1,1.0,1.0,0.9357728958129883,0.0,0.0,1
100,1,stratified-1,0.0,0.0,0.05195385217666626,0.0,0.0,1
101,1,stratified-1,1.0,1.0,0.9349024295806885,0.0,0.0,1
103,1,stratified-1,1.0,1.0,0.9357728958129883,0.0,0.0,1
112,1,stratified-1,0.0,1.0,0.4486200213432312,0.0,0.0,0
115,1,stratified-1,1.0,1.0,0.9357728958129883,0.0,0.0,1
121,1,stratified-1,0.0,0.0,0.896693229675293,0.0,0.0,1
122,1,stratified-1,0.0,0.0,0.8928166031837463,0.0,0.0,1
129,1,stratified-1,0.0,0.0,0.896693229675293,0.0,0.0,1
135,1,stratified-1,1.0,0.0,0.9186971187591553,0.0,0.0,0
136,1,stratified-1,1.0,1.0,0.929680347442627,0.0,0.0,1
137,1,stratified-1,1.0,1.0,0.9357728958129883,0.0,0.0,1
140,1,stratified-1,1.0,1.0,0.9336333274841309,0.0,0.0,1
144,1,stratified-1,1.0,1.0,0.9336333274841309,0.0,0.0,1
145,1,stratified-1,1.0,1.0,0.9326045513153076,0.0,0.0,1
146,1,stratified-1,1.0,0.0,0.571619987487793,0.0,0.0,0
149,1,stratified-1,1.0,1.0,0.9357728958129883,0.0,0.0,1
150,1,stratified-1,1.0,1.0,0.9252293109893799,0.0,0.0,1
152,1,stratified-1,1.0,1.0,0.48866140842437744,0.0,0.0,1
158,1,stratified-1,1.0,1.0,0.9357728958129883,0.0,0.0,1
162,1,stratified-1,0.0,0.0,0.896693229675293,0.0,0.0,1
164,1,stratified-1,0.0,0.0,0.896693229675293,0.0,0.0,1
165,1,stratified-1,1.0,1.0,0.9071710109710693,0.0,0.0,1
166,1,stratified-1,1.0,1.0,0.9357728958129883,0.0,0.0,1
171,1,stratified-1,0.0,0.0,0.30544519424438477,0.0,0.0,1
174,1,stratified-1,1.0,1.0,0.9255754947662354,0.0,0.0,1
175,1,stratified-1,1.0,1.0,0.9336333274841309,0.0,0.0,1
176,1,stratified-1,1.0,1.0,0.9135608673095703,0.0,0.0,1
178,1,stratified-1,1.0,1.0,0.9161972999572754,0.0,0.0,1
186,1,stratified-1,0.0,0.0,0.85798180103302,0.0,0.0,1
191,1,stratified-1,1.0,1.0,0.9332616329193115,0.0,0.0,1
192,1,stratified-1,1.0,1.0,0.924517035484314,0.0,0.0,1
195,1,stratified-1,1.0,1.0,0.9357728958129883,0.0,0.0,1
196,1,stratified-1,0.0,0.0,0.8230616450309753,0.0,0.0,1
200,1,stratified-1,1.0,1.0,0.9357728958129883,0.0,0.0,1
201,1,stratified-1,0.0,0.0,0.868362307548523,0.0,0.0,1
202,1,stratified-1,0.0,0.0,0.896693229675293,0.0,0.0,1
204,1,stratified-1,1.0,1.0,0.9357728958129883,0.0,0.0,1
211,1,stratified-1,1.0,1.0,0.9357728958129883,0.0,0.0,1
212,1,stratified-1,0.0,0.0,0.5714266300201416,0.0,0.0,1
214,1,stratified-1,0.0,0.0,0.8116507530212402,0.0,0.0,1
215,1,stratified-1,1.0,0.0,0.5013899803161621,0.0,0.0,0
229,1,stratified-1,1.0,0.0,0.08043181896209717,0.0,0.0,0
231,1,stratified-1,1.0,1.0,0.9083038568496704,0.0,0.0,1
232,1,stratified-1,1.0,1.0,0.8722801208496094,0.0,0.0,1
233,1,stratified-1,0.0,0.0,0.8545891642570496,0.0,0.0,1
235,1,stratified-1,1.0,1.0,0.9357728958129883,0.0,0.0,1
236,1,stratified-1,0.0,0.0,0.896693229675293,0.0,0.0,1
237,1,stratified-1,0.0,0.0,0.8509092330932617,0.0,0.0,1
238,1,stratified-1,1.0,1.0,0.8518524169921875,0.0,0.0,1
241,1,stratified-1,1.0,1.0,0.9283655881881714,0.0,0.0,1
255,1,stratified-1,0.0,0.0,0.22341370582580566,0.0,0.0,1
258,1,stratified-1,0.0,0.0,0.8928166031837463,0.0,0.0,1
259,1,stratified-1,0.0,0.0,0.8678667545318604,0.0,0.0,1
260,1,stratified-1,0.0,0.0,0.8897388577461243,0.0,0.0,1
265,1,stratified-1,0.0,0.0,0.8934215307235718,0.0,0.0,1
267,1,stratified-1,1.0,1.0,0.9357728958129883,0.0,0.0,1
272,1,stratified-1,0.0,0.0,0.896693229675293,0.0,0.0,1
273,1,stratified-1,1.0,1.0,0.9336333274841309,0.0,0.0,1
276,1,stratified-1,1.0,1.0,0.9336333274841309,0.0,0.0,1
281,1,stratified-1,1.0,1.0,0.9336333274841309,0.0,0.0,1
282,1,stratified-1,0.0,0.0,0.896693229675293,0.0,0.0,1
284,1,stratified-1,1.0,1.0,0.9340887069702148,0.0,0.0,1
287,1,stratified-1,1.0,1.0,0.9336333274841309,0.0,0.0,1
289,1,stratified-1,1.0,1.0,0.9310412406921387,0.0,0.0,1
293,1,stratified-1,1.0,1.0,0.9357728958129883,0.0,0.0,1
299,1,stratified-1,1.0,1.0,0.928402304649353,0.0,0.0,1
300,1,stratified-1,0.0,0.0,0.896693229675293,0.0,0.0,1
302,1,stratified-1,0.0,0.0,0.8928166031837463,0.0,0.0,1
305,1,stratified-1,1.0,1.0,0.928402304649353,0.0,0.0,1
308,1,stratified-1,1.0,1.0,0.9161972999572754,0.0,0.0,1
310,1,stratified-1,1.0,1.0,0.9357728958129883,0.0,0.0,1
314,1,stratified-1,1.0,1.0,0.9212194681167603,0.0,0.0,1
315,1,stratified-1,1.0,1.0,0.9283655881881714,0.0,0.0,1
316,1,stratified-1,1.0,1.0,0.9283655881881714,0.0,0.0,1
320,1,stratified-1,1.0,1.0,0.9349024295806885,0.0,0.0,1
325,1,stratified-1,1.0,1.0,0.9357728958129883,0.0,0.0,1
327,1,stratified-1,1.0,1.0,0.9336333274841309,0.0,0.0,1
329,1,stratified-1,0.0,0.0,0.42988038063049316,0.0,0.0,1
336,1,stratified-1,1.0,1.0,0.9349024295806885,0.0,0.0,1
337,1,stratified-1,0.0,0.0,0.896693229675293,0.0,0.0,1
339,1,stratified-1,0.0,0.0,0.896693229675293,0.0,0.0,1
350,1,stratified-1,1.0,1.0,0.9336333274841309,0.0,0.0,1
353,1,stratified-1,0.0,0.0,0.896693229675293,0.0,0.0,1
360,1,stratified-1,1.0,1.0,0.9161972999572754,0.0,0.0,1
364,1,stratified-1,1.0,1.0,0.9357728958129883,0.0,0.0,1
367,1,stratified-1,1.0,1.0,0.9357728958129883,0.0,0.0,1
368,1,stratified-1,0.0,0.0,0.8799656629562378,0.0,0.0,1
372,1,stratified-1,0.0,0.0,0.8819932341575623,0.0,0.0,1
377,1,stratified-1,1.0,1.0,0.8874913454055786,0.0,0.0,1
378,1,stratified-1,1.0,1.0,0.9298319816589355,0.0,0.0,1
380,1,stratified-1,1.0,1.0,0.8877623081207275,0.0,0.0,1
381,1,stratified-1,1.0,1.0,0.9357728958129883,0.0,0.0,1
382,1,stratified-1,1.0,1.0,0.9301581382751465,0.0,0.0,1
391,1,stratified-1,1.0,1.0,0.9326697587966919,0.0,0.0,1
392,1,stratified-1,0.0,0.0,0.896693229675293,0.0,0.0,1
398,1,stratified-1,1.0,1.0,0.9312865734100342,0.0,0.0,1
402,1,stratified-1,1.0,1.0,0.9357728958129883,0.0,0.0,1
403,1,stratified-1,1.0,1.0,0.9357728958129883,0.0,0.0,1
411,1,stratified-1,1.0,1.0,0.9357728958129883,0.0,0.0,1
412,1,stratified-1,1.0,1.0,0.9357728958129883,0.0,0.0,1
418,1,stratified-1,1.0,1.0,0.9349024295806885,0.0,0.0,1
420,1,stratified-1,1.0,1.0,0.9357728958129883,0.0,0.0,1
422,1,stratified-1,1.0,1.0,0.9357728958129883,0.0,0.0,1
423,1,stratified-1,1.0,1.0,0.9094607830047607,0.0,0.0,1
425,1,stratified-1,1.0,1.0,0.9336333274841309,0.0,0.0,1
429,1,stratified-1,1.0,1.0,0.9283655881881714,0.0,0.0,1
434,1,stratified-1,1.0,1.0,0.9333277940750122,0.0,0.0,1
435,1,stratified-1,0.0,0.0,0.7625213861465454,0.0,0.0,1
436,1,stratified-1,1.0,1.0,0.9357728958129883,0.0,0.0,1
438,1,stratified-1,1.0,1.0,0.9357728958129883,0.0,0.0,1
440,1,stratified-1,1.0,1.0,0.7446184158325195,0.0,0.0,1
441,1,stratified-1,0.0,0.0,0.863600492477417,0.0,0.0,1
442,1,stratified-1,1.0,1.0,0.9357728958129883,0.0,0.0,1
443,1,stratified-1,1.0,1.0,0.9216554164886475,0.0,0.0,1
446,1,stratified-1,0.0,0.0,0.88541179895401,0.0,0.0,1
449,1,stratified-1,0.0,0.0,0.8754183053970337,0.0,0.0,1
452,1,stratified-1,1.0,1.0,0.8762712478637695,0.0,0.0,1
453,1,stratified-1,1.0,1.0,0.918338418006897,0.0,0.0,1
458,1,stratified-1,1.0,1.0,0.9055689573287964,0.0,0.0,1
459,1,stratified-1,1.0,1.0,0.8722801208496094,0.0,0.0,1
461,1,stratified-1,0.0,0.0,0.896693229675293,0.0,0.0,1
465,1,stratified-1,1.0,1.0,0.43171656131744385,0.0,0.0,1
468,1,stratified-1,0.0,0.0,0.8928974866867065,0.0,0.0,1
473,1,stratified-1,1.0,1.0,0.8667939901351929,0.0,0.0,1
480,1,stratified-1,1.0,1.0,0.9357728958129883,0.0,0.0,1
481,1,stratified-1,1.0,1.0,0.9233380556106567,0.0,0.0,1
482,1,stratified-1,1.0,1.0,0.8733842372894287,0.0,0.0,1
489,1,stratified-1,0.0,0.0,0.4137973189353943,0.0,0.0,1
493,1,stratified-1,1.0,1.0,0.9336333274841309,0.0,0.0,1
495,1,stratified-1,1.0,1.0,0.8687498569488525,0.0,0.0,1
507,1,stratified-1,1.0,1.0,0.9236453771591187,0.0,0.0,1
510,1,stratified-1,1.0,1.0,0.9349024295806885,0.0,0.0,1
512,1,stratified-1,0.0,0.0,0.8212118148803711,0.0,0.0,1
513,1,stratified-1,1.0,1.0,0.8541163206100464,0.0,0.0,1
514,1,stratified-1,1.0,0.0,0.46584975719451904,0.0,0.0,0
515,1,stratified-1,1.0,1.0,0.9306689500808716,0.0,0.0,1
517,1,stratified-1,0.0,0.0,0.8797941207885742,0.0,0.0,1
518,1,stratified-1,1.0,1.0,0.9192245006561279,0.0,0.0,1
519,1,stratified-1,1.0,1.0,0.9357728958129883,0.0,0.0,1
523,1,stratified-1,1.0,1.0,0.9140485525131226,0.0,0.0,1
528,1,stratified-1,1.0,1.0,0.9111617803573608,0.0,0.0,1
529,1,stratified-1,1.0,1.0,0.9357728958129883,0.0,0.0,1
536,1,stratified-1,1.0,0.0,0.7424263954162598,0.0,0.0,0
538,1,stratified-1,1.0,1.0,0.9211697578430176,0.0,0.0,1
543,1,stratified-1,1.0,1.0,0.8715693950653076,0.0,0.0,1
551,1,stratified-1,1.0,1.0,0.9310898780822754,0.0,0.0,1
552,1,stratified-1,1.0,1.0,0.8722801208496094,0.0,0.0,1
555,1,stratified-1,1.0,1.0,0.8809592723846436,0.0,0.0,1
556,1,stratified-1,1.0,1.0,0.9326697587966919,0.0,0.0,1
560,1,stratified-1,1.0,1.0,0.9112226963043213,0.0,0.0,1
561,1,stratified-1,1.0,1.0,0.86163330078125,0.0,0.0,1
565,1,stratified-1,0.0,0.0,0.8928166031837463,0.0,0.0,1
568,1,stratified-1,1.0,1.0,0.9287998676300049,0.0,0.0,1
0,2,stratified-2,0.0,0.0,0.18755865097045898,0.0,0.0,1
3,2,stratified-2,0.0,0.0,0.7283154726028442,0.0,0.0,1
4,2,stratified-2,0.0,0.0,0.06732994318008423,0.0,0.0,1
11,2,stratified-2,0.0,0.0,0.9933609366416931,0.0,0.0,1
12,2,stratified-2,0.0,0.0,0.9816510677337646,0.0,0.0,1
15,2,stratified-2,0.0,0.0,0.9923099875450134,0.0,0.0,1
18,2,stratified-2,0.0,0.0,0.9953246116638184,0.0,0.0,1
21,2,stratified-2,1.0,1.0,0.9979923963546753,0.0,0.0,1
22,2,stratified-2,0.0,0.0,0.010103940963745117,0.0,0.0,1
23,2,stratified-2,0.0,0.0,0.9951862096786499,0.0,0.0,1
24,2,stratified-2,0.0,0.0,0.9952726364135742,0.0,0.0,1
25,2,stratified-2,0.0,0.0,0.9492328763008118,0.0,0.0,1
26,2,stratified-2,0.0,0.0,0.9917584657669067,0.0,0.0,1
27,2,stratified-2,0.0,0.0,0.9900455474853516,0.0,0.0,1
29,2,stratified-2,0.0,0.0,0.11164844036102295,0.0,0.0,1
37,2,stratified-2,1.0,1.0,0.9836143255233765,0.0,0.0,1
39,2,stratified-2,0.0,0.0,0.9502663016319275,0.0,0.0,1
41,2,stratified-2,1.0,0.0,0.5262618064880371,0.0,0.0,0
43,2,stratified-2,0.0,0.0,0.9843720197677612,0.0,0.0,1
45,2,stratified-2,0.0,0.0,0.9600908160209656,0.0,0.0,1
48,2,stratified-2,1.0,1.0,0.9933756589889526,0.0,0.0,1
51,2,stratified-2,1.0,1.0,0.9901710748672485,0.0,0.0,1
52,2,stratified-2,1.0,1.0,0.9935168027877808,0.0,0.0,1
58,2,stratified-2,1.0,1.0,0.990054726600647,0.0,0.0,1
60,2,stratified-2,1.0,1.0,0.9821752309799194,0.0,0.0,1
73,2,stratified-2,1.0,0.0,0.6711605787277222,0.0,0.0,0
76,2,stratified-2,1.0,1.0,0.9870911836624146,0.0,0.0,1
79,2,stratified-2,1.0,1.0,0.9953039884567261,0.0,0.0,1
81,2,stratified-2,1.0,1.0,0.33756721019744873,0.0,0.0,1
86,2,stratified-2,0.0,0.0,0.8289017677307129,0.0,0.0,1
87,2,stratified-2,0.0,0.0,0.9919853210449219,0.0,0.0,1
90,2,stratified-2,1.0,1.0,0.9109251499176025,0.0,0.0,1
104,2,stratified-2,1.0,1.0,0.9975839853286743,0.0,0.0,1
105,2,stratified-2,0.0,0.0,0.0863681435585022,0.0,0.0,1
106,2,stratified-2,1.0,1.0,0.9760961532592773,0.0,0.0,1
107,2,stratified-2,1.0,1.0,0.98736572265625,0.0,0.0,1
111,2,stratified-2,1.0,1.0,0.9784601926803589,0.0,0.0,1
113,2,stratified-2,1.0,1.0,0.9974231719970703,0.0,0.0,1
116,2,stratified-2,1.0,1.0,0.9965653419494629,0.0,0.0,1
120,2,stratified-2,1.0,1.0,0.9946326017379761,0.0,0.0,1
125,2,stratified-2,1.0,1.0,0.984318733215332,0.0,0.0,1
127,2,stratified-2,0.0,0.0,0.8887923955917358,0.0,0.0,1
128,2,stratified-2,0.0,1.0,0.3965842127799988,0.0,0.0,0
132,2,stratified-2,0.0,0.0,0.9879237413406372,0.0,0.0,1
133,2,stratified-2,1.0,1.0,0.8770790100097656,0.0,0.0,1
138,2,stratified-2,0.0,0.0,0.9606605172157288,0.0,0.0,1
141,2,stratified-2,0.0,0.0,0.9612995386123657,0.0,0.0,1
142,2,stratified-2,1.0,1.0,0.9958432912826538,0.0,0.0,1
143,2,stratified-2,1.0,1.0,0.9935603141784668,0.0,0.0,1
154,2,stratified-2,1.0,1.0,0.9839427471160889,0.0,0.0,1
156,2,stratified-2,0.0,0.0,0.9841832518577576,0.0,0.0,1
161,2,stratified-2,0.0,0.0,0.8735485076904297,0.0,0.0,1
169,2,stratified-2,1.0,1.0,0.963091254234314,0.0,0.0,1
172,2,stratified-2,1.0,0.0,0.004517555236816406,0.0,0.0,0
181,2,stratified-2,0.0,0.0,0.9939323663711548,0.0,0.0,1
182,2,stratified-2,0.0,0.0,0.9824115037918091,0.0,0.0,1
183,2,stratified-2,1.0,1.0,0.9970676898956299,0.0,0.0,1
184,2,stratified-2,0.0,0.0,0.42256397008895874,0.0,0.0,1
187,2,stratified-2,1.0,1.0,0.9908782243728638,0.0,0.0,1
188,2,stratified-2,1.0,1.0,0.9890564680099487,0.0,0.0,1
197,2,stratified-2,0.0,0.0,0.7821148037910461,0.0,0.0,1
203,2,stratified-2,0.0,0.0,0.9942655563354492,0.0,0.0,1
205,2,stratified-2,1.0,0.0,0.20814013481140137,0.0,0.0,0
206,2,stratified-2,1.0,1.0,0.9965823888778687,0.0,0.0,1
207,2,stratified-2,0.0,0.0,0.7897830009460449,0.0,0.0,1
208,2,stratified-2,1.0,1.0,0.5828233957290649,0.0,0.0,1
210,2,stratified-2,0.0,0.0,0.9951046109199524,0.0,0.0,1
218,2,stratified-2,0.0,0.0,0.9948376417160034,0.0,0.0,1
219,2,stratified-2,0.0,0.0,0.9853039979934692,0.0,0.0,1
222,2,stratified-2,1.0,1.0,0.9965823888778687,0.0,0.0,1
225,2,stratified-2,1.0,1.0,0.8282889127731323,0.0,0.0,1
226,2,stratified-2,1.0,1.0,0.992916464805603,0.0,0.0,1
228,2,stratified-2,1.0,1.0,0.9550720453262329,0.0,0.0,1
234,2,stratified-2,1.0,1.0,0.9917396306991577,0.0,0.0,1
240,2,stratified-2,1.0,1.0,0.9962801933288574,0.0,0.0,1
243,2,stratified-2,1.0,1.0,0.9230631589889526,0.0,0.0,1
244,2,stratified-2,0.0,0.0,0.9947078227996826,0.0,0.0,1
246,2,stratified-2,1.0,1.0,0.9854816198348999,0.0,0.0,1
247,2,stratified-2,1.0,1.0,0.97850501537323,0.0,0.0,1
248,2,stratified-2,1.0,1.0,0.9242658615112305,0.0,0.0,1
249,2,stratified-2,1.0,1.0,0.9969350099563599,0.0,0.0,1
251,2,stratified-2,1.0,1.0,0.9927593469619751,0.0,0.0,1
256,2,stratified-2,0.0,0.0,0.9945997595787048,0.0,0.0,1
261,2,stratified-2,0.0,0.0,0.49798619747161865,0.0,0.0,1
262,2,stratified-2,0.0,0.0,0.992792010307312,0.0,0.0,1
268,2,stratified-2,1.0,1.0,0.9943779706954956,0.0,0.0,1
269,2,stratified-2,1.0,1.0,0.9956386089324951,0.0,0.0,1
271,2,stratified-2,1.0,1.0,0.9926793575286865,0.0,0.0,1
274,2,stratified-2,0.0,0.0,0.9190706014633179,0.0,0.0,1
275,2,stratified-2,1.0,1.0,0.6850419044494629,0.0,0.0,1
277,2,stratified-2,0.0,0.0,0.9261201024055481,0.0,0.0,1
278,2,stratified-2,1.0,1.0,0.9815472364425659,0.0,0.0,1
279,2,stratified-2,1.0,1.0,0.9947929382324219,0.0,0.0,1
280,2,stratified-2,0.0,0.0,0.9953400492668152,0.0,0.0,1
283,2,stratified-2,0.0,0.0,0.940498411655426,0.0,0.0,1
285,2,stratified-2,1.0,1.0,0.9901043176651001,0.0,0.0,1
290,2,stratified-2,1.0,1.0,0.1117095947265625,0.0,0.0,1
291,2,stratified-2,1.0,1.0,0.7674026489257812,0.0,0.0,1
294,2,stratified-2,1.0,1.0,0.9903810024261475,0.0,0.0,1
295,2,stratified-2,1.0,1.0,0.9853955507278442,0.0,0.0,1
296,2,stratified-2,1.0,1.0,0.9971592426300049,0.0,0.0,1
304,2,stratified-2,1.0,1.0,0.9980700016021729,0.0,0.0,1
311,2,stratified-2,1.0,1.0,0.9525184631347656,0.0,0.0,1
312,2,stratified-2,1.0,1.0,0.9975874423980713,0.0,0.0,1
313,2,stratified-2,1.0,1.0,0.9970855712890625,0.0,0.0,1
322,2,stratified-2,1.0,1.0,0.9946328401565552,0.0,0.0,1
326,2,stratified-2,1.0,1.0,0.9863842725753784,0.0,0.0,1
330,2,stratified-2,0.0,0.0,0.25218552350997925,0.0,0.0,1
331,2,stratified-2,1.0,1.0,0.9899839162826538,0.0,0.0,1
341,2,stratified-2,1.0,1.0,0.9959350824356079,0.0,0.0,1
343,2,stratified-2,0.0,0.0,0.9945871233940125,0.0,0.0,1
345,2,stratified-2,1.0,1.0,0.9976892471313477,0.0,0.0,1
346,2,stratified-2,1.0,1.0,0.9858646392822266,0.0,0.0,1
347,2,stratified-2,1.0,1.0,0.9716020822525024,0.0,0.0,1
348,2,stratified-2,1.0,1.0,0.9895985126495361,0.0,0.0,1
358,2,stratified-2,1.0,1.0,0.995608925819397,0.0,0.0,1
359,2,stratified-2,1.0,1.0,0.9910640716552734,0.0,0.0,1
361,2,stratified-2,1.0,1.0,0.9951530694961548,0.0,0.0,1
362,2,stratified-2,1.0,1.0,0.9950574636459351,0.0,0.0,1
366,2,stratified-2,0.0,0.0,0.9944376945495605,0.0,0.0,1
371,2,stratified-2,1.0,1.0,0.9946292638778687,0.0,0.0,1
373,2,stratified-2,0.0,0.0,0.9681086540222168,0.0,0.0,1
374,2,stratified-2,1.0,1.0,0.9956732988357544,0.0,0.0,1
375,2,stratified-2,1.0,1.0,0.6044594049453735,0.0,0.0,1
376,2,stratified-2,1.0,1.0,0.958162784576416,0.0,0.0,1
379,2,stratified-2,0.0,0.0,0.5568654537200928,0.0,0.0,1
383,2,stratified-2,1.0,1.0,0.9858604669570923,0.0,0.0,1
386,2,stratified-2,1.0,1.0,0.9970560073852539,0.0,0.0,1
389,2,stratified-2,0.0,0.0,0.9926994442939758,0.0,0.0,1
393,2,stratified-2,0.0,0.0,0.9948882460594177,0.0,0.0,1
394,2,stratified-2,1.0,1.0,0.9922890663146973,0.0,0.0,1
395,2,stratified-2,1.0,1.0,0.9961085319519043,0.0,0.0,1
396,2,stratified-2,1.0,1.0,0.17483925819396973,0.0,0.0,1
401,2,stratified-2,1.0,1.0,0.9966168403625488,0.0,0.0,1
407,2,stratified-2,1.0,1.0,0.9569716453552246,0.0,0.0,1
408,2,stratified-2,0.0,0.0,0.9881279468536377,0.0,0.0,1
409,2,stratified-2,1.0,1.0,0.9947761297225952,0.0,0.0,1
414,2,stratified-2,1.0,0.0,0.046585798263549805,0.0,0.0,0
417,2,stratified-2,0.0,0.0,0.9949634075164795,0.0,0.0,1
424,2,stratified-2,1.0,1.0,0.8792914152145386,0.0,0.0,1
426,2,stratified-2,1.0,1.0,0.9967366456985474,0.0,0.0,1
430,2,stratified-2,0.0,0.0,0.9863848090171814,0.0,0.0,1
431,2,stratified-2,1.0,1.0,0.9947478771209717,0.0,0.0,1
433,2,stratified-2,0.0,0.0,0.9947574734687805,0.0,0.0,1
437,2,stratified-2,1.0,1.0,0.9949640035629272,0.0,0.0,1
444,2,stratified-2,0.0,0.0,0.8926582336425781,0.0,0.0,1
448,2,stratified-2,1.0,1.0,0.7909103631973267,0.0,0.0,1
451,2,stratified-2,0.0,0.0,0.9910265803337097,0.0,0.0,1
455,2,stratified-2,1.0,1.0,0.9344747066497803,0.0,0.0,1
456,2,stratified-2,1.0,1.0,0.8637675046920776,0.0,0.0,1
457,2,stratified-2,1.0,1.0,0.9431617259979248,0.0,0.0,1
460,2,stratified-2,0.0,0.0,0.99456387758255,0.0,0.0,1
471,2,stratified-2,1.0,1.0,0.8357714414596558,0.0,0.0,1
474,2,stratified-2,1.0,1.0,0.9957152605056763,0.0,0.0,1
478,2,stratified-2,1.0,1.0,0.9966424703598022,0.0,0.0,1
485,2,stratified-2,1.0,1.0,0.9835013151168823,0.0,0.0,1
486,2,stratified-2,1.0,1.0,0.9521650075912476,0.0,0.0,1
487,2,stratified-2,0.0,0.0,0.994780421257019,0.0,0.0,1
488,2,stratified-2,1.0,1.0,0.9966263771057129,0.0,0.0,1
492,2,stratified-2,0.0,0.0,0.9940527081489563,0.0,0.0,1
494,2,stratified-2,1.0,1.0,0.9951322078704834,0.0,0.0,1
496,2,stratified-2,1.0,1.0,0.9721696376800537,0.0,0.0,1
497,2,stratified-2,1.0,1.0,0.9946498870849609,0.0,0.0,1
498,2,stratified-2,0.0,0.0,0.9646123051643372,0.0,0.0,1
499,2,stratified-2,0.0,0.0,0.9935232996940613,0.0,0.0,1
500,2,stratified-2,1.0,1.0,0.47184205055236816,0.0,0.0,1
502,2,stratified-2,1.0,1.0,0.9963493347167969,0.0,0.0,1
503,2,stratified-2,0.0,0.0,0.97804194688797,0.0,0.0,1
505,2,stratified-2,1.0,1.0,0.9833135604858398,0.0,0.0,1
508,2,stratified-2,1.0,1.0,0.9341121912002563,0.0,0.0,1
511,2,stratified-2,1.0,1.0,0.9861893653869629,0.0,0.0,1
522,2,stratified-2,1.0,1.0,0.9910889863967896,0.0,0.0,1
524,2,stratified-2,1.0,1.0,0.996854305267334,0.0,0.0,1
525,2,stratified-2,1.0,1.0,0.9963572025299072,0.0,0.0,1
527,2,stratified-2,1.0,1.0,0.985748291015625,0.0,0.0,1
532,2,stratified-2,1.0,1.0,0.9745053052902222,0.0,0.0,1
539,2,stratified-2,1.0,1.0,0.960504412651062,0.0,0.0,1
540,2,stratified-2,1.0,1.0,0.9978244304656982,0.0,0.0,1
541,2,stratified-2,0.0,1.0,0.394098699092865,0.0,0.0,0
542,2,stratified-2,1.0,1.0,0.7870674133300781,0.0,0.0,1
544,2,stratified-2,1.0,1.0,0.9937565326690674,0.0,0.0,1
545,2,stratified-2,1.0,1.0,0.977159857749939,0.0,0.0,1
547,2,stratified-2,1.0,1.0,0.9971466064453125,0.0,0.0,1
553,2,stratified-2,1.0,1.0,0.995856761932373,0.0,0.0,1
554,2,stratified-2,1.0,1.0,0.9349538087844849,0.0,0.0,1
558,2,stratified-2,1.0,1.0,0.8611671924591064,0.0,0.0,1
562,2,stratified-2,0.0,0.0,0.9919408559799194,0.0,0.0,1
564,2,stratified-2,0.0,0.0,0.9914799332618713,0.0,0.0,1
567,2,stratified-2,0.0,0.0,0.9950352311134338,0.0,0.0,1
